Workbook
Name ADD_Dint_L63_Time: '[1]Ladder Instructions'!#REF!
Name ADD_DINT_L75_Mem_20: '[1]Ladder Instructions'!#REF!
Name ADD_Dint_L75_STTime_20: '[1]Structured Text'!#REF!
Name ADD_Dint_L75_Time_20: '[1]Ladder Instructions'!#REF!
Name ADD_DINT_Mem: '[1]Ladder Instructions'!#REF!
Name ADD_DINT_Mem_18: '[1]Ladder Instructions'!#REF!
Name ADD_Real_L63_Time: '[1]Ladder Instructions'!#REF!
Name ADD_Real_L75_Mem_20: '[1]Ladder Instructions'!#REF!
Name ADD_Real_L75_Time_20: '[1]Ladder Instructions'!#REF!
Name ADD_Real_Mem: '[1]Ladder Instructions'!#REF!
Name array_indexes: Introduction!#REF!
Name array_indexes: [2]Introduction!#REF!
Name Array_Subscript_L75_Mem_20: #REF!
Name Array_Subscript_L75_Time_20: #REF!
Name ArrayTime: #REF!
Name Conv_Dint_Int: #REF!
Name Conv_Dint_Int_Mem: #REF!
Name Conv_Dint_Real: #REF!
Name Conv_Dint_Real_Mem: #REF!
Name Conv_Int_Dint: #REF!
Name Conv_Int_Dint_Mem: #REF!
Name Conv_Real_Dint: #REF!
Name Conv_Real_Dint_Mem: #REF!
Name CPT_L63_Time: '[1]Ladder Instructions'!#REF!
Name CPT_L75_Mem_20: '[1]Ladder Instructions'!#REF!
Name CPT_L75_Time_20: '[1]Ladder Instructions'!#REF!
Name CPT_Mem: '[1]Ladder Instructions'!#REF!
Name Data_Conversions: Introduction!#REF!
Name Data_Conversions: [2]Introduction!#REF!
Name data_conversions_time: Introduction!#REF!
Name data_conversions_time: [2]Introduction!#REF!
Name Function_Block_Elements: Introduction!#REF!
Name Function_Block_Elements: [2]Introduction!#REF!
Name ladder_logic_instructions: Introduction!#REF!
Name ladder_logic_instructions: [2]Introduction!#REF!
Name LadderInstructionTimes: Introduction!#REF!
Name LadderInstructionTimes: [2]Introduction!#REF!
Name Motion_Tasks: Introduction!#REF!
Name Motion_Tasks: [2]Introduction!#REF!
Name SFCs: [1]SFC!#REF!
Name structured_text_constructs: Introduction!#REF!
Name structured_text_constructs: [2]Introduction!#REF!

Sheet Introduction
A1: Kinetix 5100 Servo Drive Parameters Reference Data
A4: About This Publication | B4: This publication lists the parameters for Kinetix 5100 EtherNet/IP Indexing Servo Drives
B5: For more information see: Kinetix 5100 EtherNet/IP Indexing Servo Drives User Manual
B6: 2198-UM004
A8: Important: Rockwell Automation is not responsible for any content or format changes made by other parties after downloading this spreadsheet file. The original file can be re-downloaded at any time.
A10: TIP: When you search for information in a spreadsheet, set the search options to search the workbook, rather than the current sheet (tab).
A12: Allen-Bradley, expanding human possibility, and Rockwell Automation are trademarks of Rockwell Automation, Inc. EtherNet/IP is a trademark of ODVA, Inc. Trademarks not belonging to Rockwell Automation are property of their respective companies.

Sheet Summary of Changes
A1: Summary of Changes
A3: Date | B3: Changes
A5: September 2020 | B5: First release as an Excel spreadsheet
A6: November 2020 | B6: Added P1.022 to 'Motion' group.
B7: Deleted ▲Set when servo off of P1.045.
B8: Changed the name of ID113(P0.054) from SystemVariableMonitorFilterTime to SystemVariableMonitorLowerLimit and changed the comments.
B9: Added ID 685 ZPhaseSourceOfHoming to 'General' group.
B10: Added ID 686 FullClosedLoopMonitoringConfiguration to 'General' group.
B11: Changed the type and min/max value of ID183 P1.103, ID131 P1.019.
B12: Changed the type and min/max value of ID331 P5.039, ID131 P1.110
B13: Changed ID 675 (P1.032) max value to 0x0030, min value to 0x0010, change Y=3 comments.
B14: Changed the unit from 0.01mH to 0.00001H of PM.036.
B15: Deleted P1.084.
B16: Added new parameter 69…79,81, 98, and 99.
B17: Changed max value of ID 60…65 (P0.035…P0.039) from 684 to 687.
B18: Changed type of PN.044 from UINT to DINT, min/max/default value and unit.
... B24: Changed the default of P1.053 to 0.
A25: June 2021 | B25: Added and edited parameter and ranges for rotary motors
B26: Added and edited parameter and ranges for linear motors
B27: Edited min max vlaues of muliple parameters to support different motors
B28: This is the first revision as publication 2198-RD002A-EN-P.

Sheet 1 - Motor
A1: Kinetix 5100 Servo Drive Parameters For more information see:
A2: Kinetix 5100 Servo Drive User Manual, publication 2198-UM004
A4: ID | B4: Name | C4: Control Mode | D4: Min. | E4: Max. | F4: Default Value | G4: Precision | H4: Units | I4: Data Type | J4: Comments | K4: Groups | L4: Read-only | M4: Set When Servo Off | N4: Valid After Power Cycle | O4: Volatile Parameter | P4: Parameter Number
A5: 1 | B5: =IF(VLOOKUP($A5,Sheet1!$A$3:$AW$699,20,FALSE)="","",VLOOKUP($A5,Sheet1!$A$3:$AW$699,20,FALSE)) -> MotorType | C5: =IF(VLOOKUP($A5,Sheet1!$A$3:$AW$699,25,FALSE)="","",VLOOKUP($A5,Sheet1!$A$3:$AW$699,25,FALSE)) -> All | D5: =IF(VLOOKUP($A5,Sheet1!$A$3:$AW$699,15,FALSE)="","",VLOOKUP($A5,Sheet1!$A$3:$AW$699,15,FALSE)) -> 0 | E5: =IF(VLOOKUP($A5,Sheet1!$A$3:$AW$699,16,FALSE)="","",VLOOKUP($A5,Sheet1!$A$3:$AW$699,16,FALSE)) -> 3 | F5: =IF(VLOOKUP($A5,Sheet1!$A$3:$AW$699,17,FALSE)="","",VLOOKUP($A5,Sheet1!$A$3:$AW$699,17,FALSE)) -> 0 | G5: =IF(VLOOKUP($A5,Sheet1!$A$3:$AW$699,18,FALSE)="","",VLOOKUP($A5,Sheet1!$A$3:$AW$699,18,FALSE)) | H5: =IF(VLOOKUP($A5,Sheet1!$A$3:$AW$699,19,FALSE)="","",VLOOKUP($A5,Sheet1!$A$3:$AW$699,19,FALSE)) | I5: =IF(VLOOKUP($A5,Sheet1!$A$3:$AW$699,5,FALSE)="","",VLOOKUP($A5,Sheet1!$A$3:$AW$699,5,FALSE)) -> USINT | J5: Motor Type 0 = Rotary Permanent Magnet 1 = Reserved 2 = Linear Motor. 3 = Induction Machine | K5: 1-Motor 11-System | L5: =IF(VLOOKUP($A5,Sheet1!$A$3:$AW$699,7,FALSE)="★","x","") | M5: =IF(VLOOKUP($A5,Sheet1!$A$3:$AW$699,8,FALSE)="▲","x","") -> x | N5: =IF(VLOOKUP($A5,Sheet1!$A$3:$AW$699,9,FALSE)="●","x","") -> x | O5: =IF(VLOOKUP($A5,Sheet1!$A$3:$AW$699,10,FALSE)="■","x","") | P5: =IF(VLOOKUP($A5,Sheet1!$A$3:$AW$699,2,FALSE)="","",VLOOKUP($A5,Sheet1!$A$3:$AW$699,2,FALSE)) -> PM.000
A6: 2 | B6: =IF(VLOOKUP($A6,Sheet1!$A$3:$AW$699,20,FALSE)="","",VLOOKUP($A6,Sheet1!$A$3:$AW$699,20,FALSE)) -> MotorCatalogNumber | C6: =IF(VLOOKUP($A6,Sheet1!$A$3:$AW$699,25,FALSE)="","",VLOOKUP($A6,Sheet1!$A$3:$AW$699,25,FALSE)) -> All | D6: =IF(VLOOKUP($A6,Sheet1!$A$3:$AW$699,15,FALSE)="","",VLOOKUP($A6,Sheet1!$A$3:$AW$699,15,FALSE)) | E6: =IF(VLOOKUP($A6,Sheet1!$A$3:$AW$699,16,FALSE)="","",VLOOKUP($A6,Sheet1!$A$3:$AW$699,16,FALSE)) | F6: =IF(VLOOKUP($A6,Sheet1!$A$3:$AW$699,17,FALSE)="","",VLOOKUP($A6,Sheet1!$A$3:$AW$699,17,FALSE)) | G6: =IF(VLOOKUP($A6,Sheet1!$A$3:$AW$699,18,FALSE)="","",VLOOKUP($A6,Sheet1!$A$3:$AW$699,18,FALSE)) | H6: =IF(VLOOKUP($A6,Sheet1!$A$3:$AW$699,19,FALSE)="","",VLOOKUP($A6,Sheet1!$A$3:$AW$699,19,FALSE)) | I6: =IF(VLOOKUP($A6,Sheet1!$A$3:$AW$699,5,FALSE)="","",VLOOKUP($A6,Sheet1!$A$3:$AW$699,5,FALSE)) -> SHORT_STRING | J6: Motor Catalog Number [0]-[15] | K6: 1-Motor 11-System | L6: =IF(VLOOKUP($A6,Sheet1!$A$3:$AW$699,7,FALSE)="★","x","") | M6: =IF(VLOOKUP($A6,Sheet1!$A$3:$AW$699,8,FALSE)="▲","x","") -> x | N6: =IF(VLOOKUP($A6,Sheet1!$A$3:$AW$699,9,FALSE)="●","x","") | O6: =IF(VLOOKUP($A6,Sheet1!$A$3:$AW$699,10,FALSE)="■","x","") | P6: =IF(VLOOKUP($A6,Sheet1!$A$3:$AW$699,2,FALSE)="","",VLOOKUP($A6,Sheet1!$A$3:$AW$699,2,FALSE)) -> PN.010
A7: 3 | B7: =IF(VLOOKUP($A7,Sheet1!$A$3:$AW$699,20,FALSE)="","",VLOOKUP($A7,Sheet1!$A$3:$AW$699,20,FALSE)) -> MotorManufacturer | C7: =IF(VLOOKUP($A7,Sheet1!$A$3:$AW$699,25,FALSE)="","",VLOOKUP($A7,Sheet1!$A$3:$AW$699,25,FALSE)) -> All | D7: =IF(VLOOKUP($A7,Sheet1!$A$3:$AW$699,15,FALSE)="","",VLOOKUP($A7,Sheet1!$A$3:$AW$699,15,FALSE)) | E7: =IF(VLOOKUP($A7,Sheet1!$A$3:$AW$699,16,FALSE)="","",VLOOKUP($A7,Sheet1!$A$3:$AW$699,16,FALSE)) | F7: =IF(VLOOKUP($A7,Sheet1!$A$3:$AW$699,17,FALSE)="","",VLOOKUP($A7,Sheet1!$A$3:$AW$699,17,FALSE)) | G7: =IF(VLOOKUP($A7,Sheet1!$A$3:$AW$699,18,FALSE)="","",VLOOKUP($A7,Sheet1!$A$3:$AW$699,18,FALSE)) | H7: =IF(VLOOKUP($A7,Sheet1!$A$3:$AW$699,19,FALSE)="","",VLOOKUP($A7,Sheet1!$A$3:$AW$699,19,FALSE)) | I7: =IF(VLOOKUP($A7,Sheet1!$A$3:$AW$699,5,FALSE)="","",VLOOKUP($A7,Sheet1!$A$3:$AW$699,5,FALSE)) -> SHORT_STRING | J7: Motor Manufacturer's Name [0]-[31] | K7: 1-Motor | L7: =IF(VLOOKUP($A7,Sheet1!$A$3:$AW$699,7,FALSE)="★","x","") -> x | M7: =IF(VLOOKUP($A7,Sheet1!$A$3:$AW$699,8,FALSE)="▲","x","") | N7: =IF(VLOOKUP($A7,Sheet1!$A$3:$AW$699,9,FALSE)="●","x","") | O7: =IF(VLOOKUP($A7,Sheet1!$A$3:$AW$699,10,FALSE)="■","x","") | P7: =IF(VLOOKUP($A7,Sheet1!$A$3:$AW$699,2,FALSE)="","",VLOOKUP($A7,Sheet1!$A$3:$AW$699,2,FALSE))
A8: 4 | B8: =IF(VLOOKUP($A8,Sheet1!$A$3:$AW$699,20,FALSE)="","",VLOOKUP($A8,Sheet1!$A$3:$AW$699,20,FALSE)) -> MotorRatedContinuousCurrent | C8: =IF(VLOOKUP($A8,Sheet1!$A$3:$AW$699,25,FALSE)="","",VLOOKUP($A8,Sheet1!$A$3:$AW$699,25,FALSE)) -> All | D8: =IF(VLOOKUP($A8,Sheet1!$A$3:$AW$699,15,FALSE)="","",VLOOKUP($A8,Sheet1!$A$3:$AW$699,15,FALSE)) -> 0 | E8: =IF(VLOOKUP($A8,Sheet1!$A$3:$AW$699,16,FALSE)="","",VLOOKUP($A8,Sheet1!$A$3:$AW$699,16,FALSE)) -> 65535 | F8: =IF(VLOOKUP($A8,Sheet1!$A$3:$AW$699,17,FALSE)="","",VLOOKUP($A8,Sheet1!$A$3:$AW$699,17,FALSE)) -> 260 | G8: =IF(VLOOKUP($A8,Sheet1!$A$3:$AW$699,18,FALSE)="","",VLOOKUP($A8,Sheet1!$A$3:$AW$699,18,FALSE)) -> 0.01 | H8: =IF(VLOOKUP($A8,Sheet1!$A$3:$AW$699,19,FALSE)="","",VLOOKUP($A8,Sheet1!$A$3:$AW$699,19,FALSE)) -> Amps (RMS) | I8: =IF(VLOOKUP($A8,Sheet1!$A$3:$AW$699,5,FALSE)="","",VLOOKUP($A8,Sheet1!$A$3:$AW$699,5,FALSE)) -> UINT | J8: Motor Rated Continuous Current The Min value must not be less than DriveRatedContinuousCurrent/8. e.g. The Rated Continuous Current of 2198-E1004-ERS is 2.60 A, so the min value is 33 (0.325 A). | K8: 1-Motor 11-System | L8: =IF(VLOOKUP($A8,Sheet1!$A$3:$AW$699,7,FALSE)="★","x","") | M8: =IF(VLOOKUP($A8,Sheet1!$A$3:$AW$699,8,FALSE)="▲","x","") -> x | N8: =IF(VLOOKUP($A8,Sheet1!$A$3:$AW$699,9,FALSE)="●","x","") -> x | O8: =IF(VLOOKUP($A8,Sheet1!$A$3:$AW$699,10,FALSE)="■","x","") | P8: =IF(VLOOKUP($A8,Sheet1!$A$3:$AW$699,2,FALSE)="","",VLOOKUP($A8,Sheet1!$A$3:$AW$699,2,FALSE)) -> PM.029
A9: 5 | B9: =IF(VLOOKUP($A9,Sheet1!$A$3:$AW$699,20,FALSE)="","",VLOOKUP($A9,Sheet1!$A$3:$AW$699,20,FALSE)) -> MotorRatedVoltage | C9: =IF(VLOOKUP($A9,Sheet1!$A$3:$AW$699,25,FALSE)="","",VLOOKUP($A9,Sheet1!$A$3:$AW$699,25,FALSE)) -> All | D9: =IF(VLOOKUP($A9,Sheet1!$A$3:$AW$699,15,FALSE)="","",VLOOKUP($A9,Sheet1!$A$3:$AW$699,15,FALSE)) -> 0 | E9: =IF(VLOOKUP($A9,Sheet1!$A$3:$AW$699,16,FALSE)="","",VLOOKUP($A9,Sheet1!$A$3:$AW$699,16,FALSE)) -> 65535 | F9: =IF(VLOOKUP($A9,Sheet1!$A$3:$AW$699,17,FALSE)="","",VLOOKUP($A9,Sheet1!$A$3:$AW$699,17,FALSE)) -> 220 | G9: =IF(VLOOKUP($A9,Sheet1!$A$3:$AW$699,18,FALSE)="","",VLOOKUP($A9,Sheet1!$A$3:$AW$699,18,FALSE)) | H9: =IF(VLOOKUP($A9,Sheet1!$A$3:$AW$699,19,FALSE)="","",VLOOKUP($A9,Sheet1!$A$3:$AW$699,19,FALSE)) -> Volts (RMS) | I9: =IF(VLOOKUP($A9,Sheet1!$A$3:$AW$699,5,FALSE)="","",VLOOKUP($A9,Sheet1!$A$3:$AW$699,5,FALSE)) -> UINT | J9: Motor Rated Base Voltage | K9: 1-Motor | L9: =IF(VLOOKUP($A9,Sheet1!$A$3:$AW$699,7,FALSE)="★","x","") | M9: =IF(VLOOKUP($A9,Sheet1!$A$3:$AW$699,8,FALSE)="▲","x","") -> x | N9: =IF(VLOOKUP($A9,Sheet1!$A$3:$AW$699,9,FALSE)="●","x","") | O9: =IF(VLOOKUP($A9,Sheet1!$A$3:$AW$699,10,FALSE)="■","x","") | P9: =IF(VLOOKUP($A9,Sheet1!$A$3:$AW$699,2,FALSE)="","",VLOOKUP($A9,Sheet1!$A$3:$AW$699,2,FALSE)) -> PM.065
A10: 6 | B10: =IF(VLOOKUP($A10,Sheet1!$A$3:$AW$699,20,FALSE)="","",VLOOKUP($A10,Sheet1!$A$3:$AW$699,20,FALSE)) -> MotorRatedOutputPower | C10: =IF(VLOOKUP($A10,Sheet1!$A$3:$AW$699,25,FALSE)="","",VLOOKUP($A10,Sheet1!$A$3:$AW$699,25,FALSE)) -> All | D10: =IF(VLOOKUP($A10,Sheet1!$A$3:$AW$699,15,FALSE)="","",VLOOKUP($A10,Sheet1!$A$3:$AW$699,15,FALSE)) -> 0 | E10: =IF(VLOOKUP($A10,Sheet1!$A$3:$AW$699,16,FALSE)="","",VLOOKUP($A10,Sheet1!$A$3:$AW$699,16,FALSE)) -> 655350 | F10: =IF(VLOOKUP($A10,Sheet1!$A$3:$AW$699,17,FALSE)="","",VLOOKUP($A10,Sheet1!$A$3:$AW$699,17,FALSE)) -> 40 | G10: =IF(VLOOKUP($A10,Sheet1!$A$3:$AW$699,18,FALSE)="","",VLOOKUP($A10,Sheet1!$A$3:$AW$699,18,FALSE)) -> 0.01 | H10: =IF(VLOOKUP($A10,Sheet1!$A$3:$AW$699,19,FALSE)="","",VLOOKUP($A10,Sheet1!$A$3:$AW$699,19,FALSE)) -> kW | I10: =IF(VLOOKUP($A10,Sheet1!$A$3:$AW$699,5,FALSE)="","",VLOOKUP($A10,Sheet1!$A$3:$AW$699,5,FALSE)) -> UDINT | J10: Motor Rated Output Power at Rated Frequency | K10: 1-Motor | L10: =IF(VLOOKUP($A10,Sheet1!$A$3:$AW$699,7,FALSE)="★","x","") | M10: =IF(VLOOKUP($A10,Sheet1!$A$3:$AW$699,8,FALSE)="▲","x","") | N10: =IF(VLOOKUP($A10,Sheet1!$A$3:$AW$699,9,FALSE)="●","x","") | O10: =IF(VLOOKUP($A10,Sheet1!$A$3:$AW$699,10,FALSE)="■","x","") | P10: =IF(VLOOKUP($A10,Sheet1!$A$3:$AW$699,2,FALSE)="","",VLOOKUP($A10,Sheet1!$A$3:$AW$699,2,FALSE)) -> PM.067
A11: 7 | B11: =IF(VLOOKUP($A11,Sheet1!$A$3:$AW$699,20,FALSE)="","",VLOOKUP($A11,Sheet1!$A$3:$AW$699,20,FALSE)) -> MotorRatedWindingTemperature | C11: =IF(VLOOKUP($A11,Sheet1!$A$3:$AW$699,25,FALSE)="","",VLOOKUP($A11,Sheet1!$A$3:$AW$699,25,FALSE)) -> All | D11: =IF(VLOOKUP($A11,Sheet1!$A$3:$AW$699,15,FALSE)="","",VLOOKUP($A11,Sheet1!$A$3:$AW$699,15,FALSE)) -> 0 | E11: =IF(VLOOKUP($A11,Sheet1!$A$3:$AW$699,16,FALSE)="","",VLOOKUP($A11,Sheet1!$A$3:$AW$699,16,FALSE)) -> 100 | F11: =IF(VLOOKUP($A11,Sheet1!$A$3:$AW$699,17,FALSE)="","",VLOOKUP($A11,Sheet1!$A$3:$AW$699,17,FALSE)) -> 80 | G11: =IF(VLOOKUP($A11,Sheet1!$A$3:$AW$699,18,FALSE)="","",VLOOKUP($A11,Sheet1!$A$3:$AW$699,18,FALSE)) | H11: =IF(VLOOKUP($A11,Sheet1!$A$3:$AW$699,19,FALSE)="","",VLOOKUP($A11,Sheet1!$A$3:$AW$699,19,FALSE)) -> oC | I11: =IF(VLOOKUP($A11,Sheet1!$A$3:$AW$699,5,FALSE)="","",VLOOKUP($A11,Sheet1!$A$3:$AW$699,5,FALSE)) -> UINT | J11: Motor Rated Winding Temperature | K11: 1-Motor | L11: =IF(VLOOKUP($A11,Sheet1!$A$3:$AW$699,7,FALSE)="★","x","") -> x | M11: =IF(VLOOKUP($A11,Sheet1!$A$3:$AW$699,8,FALSE)="▲","x","") | N11: =IF(VLOOKUP($A11,Sheet1!$A$3:$AW$699,9,FALSE)="●","x","") | O11: =IF(VLOOKUP($A11,Sheet1!$A$3:$AW$699,10,FALSE)="■","x","") | P11: =IF(VLOOKUP($A11,Sheet1!$A$3:$AW$699,2,FALSE)="","",VLOOKUP($A11,Sheet1!$A$3:$AW$699,2,FALSE))
A12: 8 | B12: =IF(VLOOKUP($A12,Sheet1!$A$3:$AW$699,20,FALSE)="","",VLOOKUP($A12,Sheet1!$A$3:$AW$699,20,FALSE)) -> MotorMaxSpeed | C12: =IF(VLOOKUP($A12,Sheet1!$A$3:$AW$699,25,FALSE)="","",VLOOKUP($A12,Sheet1!$A$3:$AW$699,25,FALSE)) -> All | D12: =IF(VLOOKUP($A12,Sheet1!$A$3:$AW$699,15,FALSE)="","",VLOOKUP($A12,Sheet1!$A$3:$AW$699,15,FALSE)) -> 0 | E12: =IF(VLOOKUP($A12,Sheet1!$A$3:$AW$699,16,FALSE)="","",VLOOKUP($A12,Sheet1!$A$3:$AW$699,16,FALSE)) -> 28500 | F12: =IF(VLOOKUP($A12,Sheet1!$A$3:$AW$699,17,FALSE)="","",VLOOKUP($A12,Sheet1!$A$3:$AW$699,17,FALSE)) -> 8000 | G12: =IF(VLOOKUP($A12,Sheet1!$A$3:$AW$699,18,FALSE)="","",VLOOKUP($A12,Sheet1!$A$3:$AW$699,18,FALSE)) | H12: =IF(VLOOKUP($A12,Sheet1!$A$3:$AW$699,19,FALSE)="","",VLOOKUP($A12,Sheet1!$A$3:$AW$699,19,FALSE)) -> RPM | I12: =IF(VLOOKUP($A12,Sheet1!$A$3:$AW$699,5,FALSE)="","",VLOOKUP($A12,Sheet1!$A$3:$AW$699,5,FALSE)) -> UINT | J12: Maximum allowed motor speed | K12: 1-Motor | L12: =IF(VLOOKUP($A12,Sheet1!$A$3:$AW$699,7,FALSE)="★","x","") | M12: =IF(VLOOKUP($A12,Sheet1!$A$3:$AW$699,8,FALSE)="▲","x","") -> x | N12: =IF(VLOOKUP($A12,Sheet1!$A$3:$AW$699,9,FALSE)="●","x","") -> x | O12: =IF(VLOOKUP($A12,Sheet1!$A$3:$AW$699,10,FALSE)="■","x","") | P12: =IF(VLOOKUP($A12,Sheet1!$A$3:$AW$699,2,FALSE)="","",VLOOKUP($A12,Sheet1!$A$3:$AW$699,2,FALSE)) -> PM.032
A13: 9 | B13: =IF(VLOOKUP($A13,Sheet1!$A$3:$AW$699,20,FALSE)="","",VLOOKUP($A13,Sheet1!$A$3:$AW$699,20,FALSE)) -> RotaryMotorPoles | C13: =IF(VLOOKUP($A13,Sheet1!$A$3:$AW$699,25,FALSE)="","",VLOOKUP($A13,Sheet1!$A$3:$AW$699,25,FALSE)) -> All | D13: =IF(VLOOKUP($A13,Sheet1!$A$3:$AW$699,15,FALSE)="","",VLOOKUP($A13,Sheet1!$A$3:$AW$699,15,FALSE)) -> 0 | E13: =IF(VLOOKUP($A13,Sheet1!$A$3:$AW$699,16,FALSE)="","",VLOOKUP($A13,Sheet1!$A$3:$AW$699,16,FALSE)) -> 500 | F13: =IF(VLOOKUP($A13,Sheet1!$A$3:$AW$699,17,FALSE)="","",VLOOKUP($A13,Sheet1!$A$3:$AW$699,17,FALSE)) -> 10 | G13: =IF(VLOOKUP($A13,Sheet1!$A$3:$AW$699,18,FALSE)="","",VLOOKUP($A13,Sheet1!$A$3:$AW$699,18,FALSE)) | H13: =IF(VLOOKUP($A13,Sheet1!$A$3:$AW$699,19,FALSE)="","",VLOOKUP($A13,Sheet1!$A$3:$AW$699,19,FALSE)) -> pole | I13: =IF(VLOOKUP($A13,Sheet1!$A$3:$AW$699,5,FALSE)="","",VLOOKUP($A13,Sheet1!$A$3:$AW$699,5,FALSE)) -> UINT | J13: Number of poles in the motor | K13: 1-Motor 11-System | L13: =IF(VLOOKUP($A13,Sheet1!$A$3:$AW$699,7,FALSE)="★","x","") | M13: =IF(VLOOKUP($A13,Sheet1!$A$3:$AW$699,8,FALSE)="▲","x","") -> x | N13: =IF(VLOOKUP($A13,Sheet1!$A$3:$AW$699,9,FALSE)="●","x","") -> x | O13: =IF(VLOOKUP($A13,Sheet1!$A$3:$AW$699,10,FALSE)="■","x","") | P13: =IF(VLOOKUP($A13,Sheet1!$A$3:$AW$699,2,FALSE)="","",VLOOKUP($A13,Sheet1!$A$3:$AW$699,2,FALSE)) -> PM.028
A14: 10 | B14: =IF(VLOOKUP($A14,Sheet1!$A$3:$AW$699,20,FALSE)="","",VLOOKUP($A14,Sheet1!$A$3:$AW$699,20,FALSE)) -> PMMotorTorqueConstant | C14: =IF(VLOOKUP($A14,Sheet1!$A$3:$AW$699,25,FALSE)="","",VLOOKUP($A14,Sheet1!$A$3:$AW$699,25,FALSE)) -> All | D14: =IF(VLOOKUP($A14,Sheet1!$A$3:$AW$699,15,FALSE)="","",VLOOKUP($A14,Sheet1!$A$3:$AW$699,15,FALSE)) -> 0 | E14: =IF(VLOOKUP($A14,Sheet1!$A$3:$AW$699,16,FALSE)="","",VLOOKUP($A14,Sheet1!$A$3:$AW$699,16,FALSE)) -> 65535 | F14: =IF(VLOOKUP($A14,Sheet1!$A$3:$AW$699,17,FALSE)="","",VLOOKUP($A14,Sheet1!$A$3:$AW$699,17,FALSE)) -> 0 | G14: =IF(VLOOKUP($A14,Sheet1!$A$3:$AW$699,18,FALSE)="","",VLOOKUP($A14,Sheet1!$A$3:$AW$699,18,FALSE)) -> 0.001 | H14: =IF(VLOOKUP($A14,Sheet1!$A$3:$AW$699,19,FALSE)="","",VLOOKUP($A14,Sheet1!$A$3:$AW$699,19,FALSE)) -> N-m/Amps (RMS) | I14: =IF(VLOOKUP($A14,Sheet1!$A$3:$AW$699,5,FALSE)="","",VLOOKUP($A14,Sheet1!$A$3:$AW$699,5,FALSE)) -> DINT | J14: Permanent Magnet Motor Torque Constant | K14: 1-Motor | L14: =IF(VLOOKUP($A14,Sheet1!$A$3:$AW$699,7,FALSE)="★","x","") | M14: =IF(VLOOKUP($A14,Sheet1!$A$3:$AW$699,8,FALSE)="▲","x","") -> x | N14: =IF(VLOOKUP($A14,Sheet1!$A$3:$AW$699,9,FALSE)="●","x","") | O14: =IF(VLOOKUP($A14,Sheet1!$A$3:$AW$699,10,FALSE)="■","x","") | P14: =IF(VLOOKUP($A14,Sheet1!$A$3:$AW$699,2,FALSE)="","",VLOOKUP($A14,Sheet1!$A$3:$AW$699,2,FALSE)) -> PM.033
A15: 11 | B15: =IF(VLOOKUP($A15,Sheet1!$A$3:$AW$699,20,FALSE)="","",VLOOKUP($A15,Sheet1!$A$3:$AW$699,20,FALSE)) -> RotaryMotorInertia | C15: =IF(VLOOKUP($A15,Sheet1!$A$3:$AW$699,25,FALSE)="","",VLOOKUP($A15,Sheet1!$A$3:$AW$699,25,FALSE)) -> All | D15: =IF(VLOOKUP($A15,Sheet1!$A$3:$AW$699,15,FALSE)="","",VLOOKUP($A15,Sheet1!$A$3:$AW$699,15,FALSE)) -> 0 | E15: =IF(VLOOKUP($A15,Sheet1!$A$3:$AW$699,16,FALSE)="","",VLOOKUP($A15,Sheet1!$A$3:$AW$699,16,FALSE)) -> 2147483647 | F15: =IF(VLOOKUP($A15,Sheet1!$A$3:$AW$699,17,FALSE)="","",VLOOKUP($A15,Sheet1!$A$3:$AW$699,17,FALSE)) -> 0 | G15: =IF(VLOOKUP($A15,Sheet1!$A$3:$AW$699,18,FALSE)="","",VLOOKUP($A15,Sheet1!$A$3:$AW$699,18,FALSE)) -> 0.001 | H15: =IF(VLOOKUP($A15,Sheet1!$A$3:$AW$699,19,FALSE)="","",VLOOKUP($A15,Sheet1!$A$3:$AW$699,19,FALSE)) -> 10^-4kg-m^2 | I15: =IF(VLOOKUP($A15,Sheet1!$A$3:$AW$699,5,FALSE)="","",VLOOKUP($A15,Sheet1!$A$3:$AW$699,5,FALSE)) -> DINT | J15: Rotary Motor Inertia | K15: 1-Motor | L15: =IF(VLOOKUP($A15,Sheet1!$A$3:$AW$699,7,FALSE)="★","x","") | M15: =IF(VLOOKUP($A15,Sheet1!$A$3:$AW$699,8,FALSE)="▲","x","") -> x | N15: =IF(VLOOKUP($A15,Sheet1!$A$3:$AW$699,9,FALSE)="●","x","") | O15: =IF(VLOOKUP($A15,Sheet1!$A$3:$AW$699,10,FALSE)="■","x","") | P15: =IF(VLOOKUP($A15,Sheet1!$A$3:$AW$699,2,FALSE)="","",VLOOKUP($A15,Sheet1!$A$3:$AW$699,2,FALSE)) -> PM.034
A16: 12 | B16: =IF(VLOOKUP($A16,Sheet1!$A$3:$AW$699,20,FALSE)="","",VLOOKUP($A16,Sheet1!$A$3:$AW$699,20,FALSE)) -> MotorRatedSpeed | C16: =IF(VLOOKUP($A16,Sheet1!$A$3:$AW$699,25,FALSE)="","",VLOOKUP($A16,Sheet1!$A$3:$AW$699,25,FALSE)) -> All | D16: =IF(VLOOKUP($A16,Sheet1!$A$3:$AW$699,15,FALSE)="","",VLOOKUP($A16,Sheet1!$A$3:$AW$699,15,FALSE)) -> 0 | E16: =IF(VLOOKUP($A16,Sheet1!$A$3:$AW$699,16,FALSE)="","",VLOOKUP($A16,Sheet1!$A$3:$AW$699,16,FALSE)) -> 28500 | F16: =IF(VLOOKUP($A16,Sheet1!$A$3:$AW$699,17,FALSE)="","",VLOOKUP($A16,Sheet1!$A$3:$AW$699,17,FALSE)) -> 8000 | G16: =IF(VLOOKUP($A16,Sheet1!$A$3:$AW$699,18,FALSE)="","",VLOOKUP($A16,Sheet1!$A$3:$AW$699,18,FALSE)) | H16: =IF(VLOOKUP($A16,Sheet1!$A$3:$AW$699,19,FALSE)="","",VLOOKUP($A16,Sheet1!$A$3:$AW$699,19,FALSE)) -> RPM | I16: =IF(VLOOKUP($A16,Sheet1!$A$3:$AW$699,5,FALSE)="","",VLOOKUP($A16,Sheet1!$A$3:$AW$699,5,FALSE)) -> INT | J16: Motor Rated Speed at Rated Frequency | K16: 1-Motor | L16: =IF(VLOOKUP($A16,Sheet1!$A$3:$AW$699,7,FALSE)="★","x","") | M16: =IF(VLOOKUP($A16,Sheet1!$A$3:$AW$699,8,FALSE)="▲","x","") -> x | N16: =IF(VLOOKUP($A16,Sheet1!$A$3:$AW$699,9,FALSE)="●","x","") -> x | O16: =IF(VLOOKUP($A16,Sheet1!$A$3:$AW$699,10,FALSE)="■","x","") | P16: =IF(VLOOKUP($A16,Sheet1!$A$3:$AW$699,2,FALSE)="","",VLOOKUP($A16,Sheet1!$A$3:$AW$699,2,FALSE)) -> PM.031
... A69: 696 | B69: =IF(VLOOKUP($A69,Sheet1!$A$3:$AW$699,20,FALSE)="","",VLOOKUP($A69,Sheet1!$A$3:$AW$699,20,FALSE)) -> MotorOverloadDerateHz | C69: =IF(VLOOKUP($A69,Sheet1!$A$3:$AW$699,25,FALSE)="","",VLOOKUP($A69,Sheet1!$A$3:$AW$699,25,FALSE)) -> All | D69: =IF(VLOOKUP($A69,Sheet1!$A$3:$AW$699,15,FALSE)="","",VLOOKUP($A69,Sheet1!$A$3:$AW$699,15,FALSE)) -> 0 | E69: =IF(VLOOKUP($A69,Sheet1!$A$3:$AW$699,16,FALSE)="","",VLOOKUP($A69,Sheet1!$A$3:$AW$699,16,FALSE)) -> 4096 | F69: =IF(VLOOKUP($A69,Sheet1!$A$3:$AW$699,17,FALSE)="","",VLOOKUP($A69,Sheet1!$A$3:$AW$699,17,FALSE)) -> 20 | G69: =IF(VLOOKUP($A69,Sheet1!$A$3:$AW$699,18,FALSE)="","",VLOOKUP($A69,Sheet1!$A$3:$AW$699,18,FALSE)) | H69: =IF(VLOOKUP($A69,Sheet1!$A$3:$AW$699,19,FALSE)="","",VLOOKUP($A69,Sheet1!$A$3:$AW$699,19,FALSE)) -> Hz | I69: =IF(VLOOKUP($A69,Sheet1!$A$3:$AW$699,5,FALSE)="","",VLOOKUP($A69,Sheet1!$A$3:$AW$699,5,FALSE)) -> INT | J69: Motor Overload Derate Hz | K69: 1-Motor | L69: =IF(VLOOKUP($A69,Sheet1!$A$3:$AW$699,7,FALSE)="★","x","") | M69: =IF(VLOOKUP($A69,Sheet1!$A$3:$AW$699,8,FALSE)="▲","x","") -> x | N69: =IF(VLOOKUP($A69,Sheet1!$A$3:$AW$699,9,FALSE)="●","x","") | O69: =IF(VLOOKUP($A69,Sheet1!$A$3:$AW$699,10,FALSE)="■","x","") | P69: =IF(VLOOKUP($A69,Sheet1!$A$3:$AW$699,2,FALSE)="","",VLOOKUP($A69,Sheet1!$A$3:$AW$699,2,FALSE)) -> PN.053

Sheet 2 - Drive
A1: Kinetix 5100 Servo Drive Parameters For more information see:
A2: Kinetix 5100 Servo Drive User Manual, publication 2198-UM004
A4: ID | B4: Name | C4: Control Mode | D4: Min. | E4: Max. | F4: Default Value | G4: Precision | H4: Units | I4: Data Type | J4: Comments | K4: Groups | L4: Read-only | M4: Set When Servo Off | N4: Valid After Power Cycle | O4: Volatile Parameter | P4: Parameter Number
A5: 14 | B5: =IF(VLOOKUP($A5,Sheet1!$A$3:$AW$699,20,FALSE)="","",VLOOKUP($A5,Sheet1!$A$3:$AW$699,20,FALSE)) -> DataType | C5: =IF(VLOOKUP($A5,Sheet1!$A$3:$AW$699,25,FALSE)="","",VLOOKUP($A5,Sheet1!$A$3:$AW$699,25,FALSE)) -> All | D5: =IF(VLOOKUP($A5,Sheet1!$A$3:$AW$699,15,FALSE)="","",VLOOKUP($A5,Sheet1!$A$3:$AW$699,15,FALSE)) -> 0 | E5: =IF(VLOOKUP($A5,Sheet1!$A$3:$AW$699,16,FALSE)="","",VLOOKUP($A5,Sheet1!$A$3:$AW$699,16,FALSE)) -> 1 | F5: =IF(VLOOKUP($A5,Sheet1!$A$3:$AW$699,17,FALSE)="","",VLOOKUP($A5,Sheet1!$A$3:$AW$699,17,FALSE)) -> 0 | G5: =IF(VLOOKUP($A5,Sheet1!$A$3:$AW$699,18,FALSE)="","",VLOOKUP($A5,Sheet1!$A$3:$AW$699,18,FALSE)) | H5: =IF(VLOOKUP($A5,Sheet1!$A$3:$AW$699,19,FALSE)="","",VLOOKUP($A5,Sheet1!$A$3:$AW$699,19,FALSE)) | I5: =IF(VLOOKUP($A5,Sheet1!$A$3:$AW$699,5,FALSE)="","",VLOOKUP($A5,Sheet1!$A$3:$AW$699,5,FALSE)) -> USINT | J5: Data Type Determines the data type of position, speed, acceleration reference, feedback and all related values. 0 = DINT | K5: 2-Drive | L5: =IF(VLOOKUP($A5,Sheet1!$A$3:$AW$699,7,FALSE)="★","x","") -> x | M5: =IF(VLOOKUP($A5,Sheet1!$A$3:$AW$699,8,FALSE)="▲","x","") | N5: =IF(VLOOKUP($A5,Sheet1!$A$3:$AW$699,9,FALSE)="●","x","") | O5: =IF(VLOOKUP($A5,Sheet1!$A$3:$AW$699,10,FALSE)="■","x","") | P5: =IF(VLOOKUP($A5,Sheet1!$A$3:$AW$699,2,FALSE)="","",VLOOKUP($A5,Sheet1!$A$3:$AW$699,2,FALSE))
A6: 15 | B6: =IF(VLOOKUP($A6,Sheet1!$A$3:$AW$699,20,FALSE)="","",VLOOKUP($A6,Sheet1!$A$3:$AW$699,20,FALSE)) -> PositionDataUnit | C6: =IF(VLOOKUP($A6,Sheet1!$A$3:$AW$699,25,FALSE)="","",VLOOKUP($A6,Sheet1!$A$3:$AW$699,25,FALSE)) -> All | D6: =IF(VLOOKUP($A6,Sheet1!$A$3:$AW$699,15,FALSE)="","",VLOOKUP($A6,Sheet1!$A$3:$AW$699,15,FALSE)) -> 0 | E6: =IF(VLOOKUP($A6,Sheet1!$A$3:$AW$699,16,FALSE)="","",VLOOKUP($A6,Sheet1!$A$3:$AW$699,16,FALSE)) -> 0 | F6: =IF(VLOOKUP($A6,Sheet1!$A$3:$AW$699,17,FALSE)="","",VLOOKUP($A6,Sheet1!$A$3:$AW$699,17,FALSE)) -> 0 | G6: =IF(VLOOKUP($A6,Sheet1!$A$3:$AW$699,18,FALSE)="","",VLOOKUP($A6,Sheet1!$A$3:$AW$699,18,FALSE)) | H6: =IF(VLOOKUP($A6,Sheet1!$A$3:$AW$699,19,FALSE)="","",VLOOKUP($A6,Sheet1!$A$3:$AW$699,19,FALSE)) | I6: =IF(VLOOKUP($A6,Sheet1!$A$3:$AW$699,5,FALSE)="","",VLOOKUP($A6,Sheet1!$A$3:$AW$699,5,FALSE)) -> USINT | J6: Position Data Unit Determines the data unit of position reference and feedback and all related attributes. 0 = PUU | K6: 2-Drive | L6: =IF(VLOOKUP($A6,Sheet1!$A$3:$AW$699,7,FALSE)="★","x","") -> x | M6: =IF(VLOOKUP($A6,Sheet1!$A$3:$AW$699,8,FALSE)="▲","x","") | N6: =IF(VLOOKUP($A6,Sheet1!$A$3:$AW$699,9,FALSE)="●","x","") | O6: =IF(VLOOKUP($A6,Sheet1!$A$3:$AW$699,10,FALSE)="■","x","") | P6: =IF(VLOOKUP($A6,Sheet1!$A$3:$AW$699,2,FALSE)="","",VLOOKUP($A6,Sheet1!$A$3:$AW$699,2,FALSE))
A7: 16 | B7: =IF(VLOOKUP($A7,Sheet1!$A$3:$AW$699,20,FALSE)="","",VLOOKUP($A7,Sheet1!$A$3:$AW$699,20,FALSE)) -> SpeedDataUnit | C7: =IF(VLOOKUP($A7,Sheet1!$A$3:$AW$699,25,FALSE)="","",VLOOKUP($A7,Sheet1!$A$3:$AW$699,25,FALSE)) -> All | D7: =IF(VLOOKUP($A7,Sheet1!$A$3:$AW$699,15,FALSE)="","",VLOOKUP($A7,Sheet1!$A$3:$AW$699,15,FALSE)) -> 0 | E7: =IF(VLOOKUP($A7,Sheet1!$A$3:$AW$699,16,FALSE)="","",VLOOKUP($A7,Sheet1!$A$3:$AW$699,16,FALSE)) -> 6 | F7: =IF(VLOOKUP($A7,Sheet1!$A$3:$AW$699,17,FALSE)="","",VLOOKUP($A7,Sheet1!$A$3:$AW$699,17,FALSE)) -> 1 | G7: =IF(VLOOKUP($A7,Sheet1!$A$3:$AW$699,18,FALSE)="","",VLOOKUP($A7,Sheet1!$A$3:$AW$699,18,FALSE)) | H7: =IF(VLOOKUP($A7,Sheet1!$A$3:$AW$699,19,FALSE)="","",VLOOKUP($A7,Sheet1!$A$3:$AW$699,19,FALSE)) | I7: =IF(VLOOKUP($A7,Sheet1!$A$3:$AW$699,5,FALSE)="","",VLOOKUP($A7,Sheet1!$A$3:$AW$699,5,FALSE)) -> USINT | J7: Speed Data Unit Determines the data unit of speed reference and feedback and all related attributes. 1 = 0.1RPM | K7: 2-Drive | L7: =IF(VLOOKUP($A7,Sheet1!$A$3:$AW$699,7,FALSE)="★","x","") -> x | M7: =IF(VLOOKUP($A7,Sheet1!$A$3:$AW$699,8,FALSE)="▲","x","") | N7: =IF(VLOOKUP($A7,Sheet1!$A$3:$AW$699,9,FALSE)="●","x","") | O7: =IF(VLOOKUP($A7,Sheet1!$A$3:$AW$699,10,FALSE)="■","x","") | P7: =IF(VLOOKUP($A7,Sheet1!$A$3:$AW$699,2,FALSE)="","",VLOOKUP($A7,Sheet1!$A$3:$AW$699,2,FALSE))
A8: 17 | B8: =IF(VLOOKUP($A8,Sheet1!$A$3:$AW$699,20,FALSE)="","",VLOOKUP($A8,Sheet1!$A$3:$AW$699,20,FALSE)) -> AccelDataUnit | C8: =IF(VLOOKUP($A8,Sheet1!$A$3:$AW$699,25,FALSE)="","",VLOOKUP($A8,Sheet1!$A$3:$AW$699,25,FALSE)) -> All | D8: =IF(VLOOKUP($A8,Sheet1!$A$3:$AW$699,15,FALSE)="","",VLOOKUP($A8,Sheet1!$A$3:$AW$699,15,FALSE)) -> 0 | E8: =IF(VLOOKUP($A8,Sheet1!$A$3:$AW$699,16,FALSE)="","",VLOOKUP($A8,Sheet1!$A$3:$AW$699,16,FALSE)) -> 6 | F8: =IF(VLOOKUP($A8,Sheet1!$A$3:$AW$699,17,FALSE)="","",VLOOKUP($A8,Sheet1!$A$3:$AW$699,17,FALSE)) -> 1 | G8: =IF(VLOOKUP($A8,Sheet1!$A$3:$AW$699,18,FALSE)="","",VLOOKUP($A8,Sheet1!$A$3:$AW$699,18,FALSE)) | H8: =IF(VLOOKUP($A8,Sheet1!$A$3:$AW$699,19,FALSE)="","",VLOOKUP($A8,Sheet1!$A$3:$AW$699,19,FALSE)) | I8: =IF(VLOOKUP($A8,Sheet1!$A$3:$AW$699,5,FALSE)="","",VLOOKUP($A8,Sheet1!$A$3:$AW$699,5,FALSE)) -> USINT | J8: Acceleration Data Unit Determines the data unit of acceleration (deceleration) reference and feedback and all related attributes. 1 = 0.1RPM/s | K8: 2-Drive | L8: =IF(VLOOKUP($A8,Sheet1!$A$3:$AW$699,7,FALSE)="★","x","") -> x | M8: =IF(VLOOKUP($A8,Sheet1!$A$3:$AW$699,8,FALSE)="▲","x","") | N8: =IF(VLOOKUP($A8,Sheet1!$A$3:$AW$699,9,FALSE)="●","x","") | O8: =IF(VLOOKUP($A8,Sheet1!$A$3:$AW$699,10,FALSE)="■","x","") | P8: =IF(VLOOKUP($A8,Sheet1!$A$3:$AW$699,2,FALSE)="","",VLOOKUP($A8,Sheet1!$A$3:$AW$699,2,FALSE))
A9: 18 | B9: =IF(VLOOKUP($A9,Sheet1!$A$3:$AW$699,20,FALSE)="","",VLOOKUP($A9,Sheet1!$A$3:$AW$699,20,FALSE)) -> TorqueDataUnit | C9: =IF(VLOOKUP($A9,Sheet1!$A$3:$AW$699,25,FALSE)="","",VLOOKUP($A9,Sheet1!$A$3:$AW$699,25,FALSE)) -> All | D9: =IF(VLOOKUP($A9,Sheet1!$A$3:$AW$699,15,FALSE)="","",VLOOKUP($A9,Sheet1!$A$3:$AW$699,15,FALSE)) -> 0 | E9: =IF(VLOOKUP($A9,Sheet1!$A$3:$AW$699,16,FALSE)="","",VLOOKUP($A9,Sheet1!$A$3:$AW$699,16,FALSE)) -> 1 | F9: =IF(VLOOKUP($A9,Sheet1!$A$3:$AW$699,17,FALSE)="","",VLOOKUP($A9,Sheet1!$A$3:$AW$699,17,FALSE)) -> 1 | G9: =IF(VLOOKUP($A9,Sheet1!$A$3:$AW$699,18,FALSE)="","",VLOOKUP($A9,Sheet1!$A$3:$AW$699,18,FALSE)) | H9: =IF(VLOOKUP($A9,Sheet1!$A$3:$AW$699,19,FALSE)="","",VLOOKUP($A9,Sheet1!$A$3:$AW$699,19,FALSE)) | I9: =IF(VLOOKUP($A9,Sheet1!$A$3:$AW$699,5,FALSE)="","",VLOOKUP($A9,Sheet1!$A$3:$AW$699,5,FALSE)) -> USINT | J9: Torque Data Unit Determines the data unit of torque reference and feedback and all related attributes. 1 = 0.1% | K9: 2-Drive | L9: =IF(VLOOKUP($A9,Sheet1!$A$3:$AW$699,7,FALSE)="★","x","") -> x | M9: =IF(VLOOKUP($A9,Sheet1!$A$3:$AW$699,8,FALSE)="▲","x","") | N9: =IF(VLOOKUP($A9,Sheet1!$A$3:$AW$699,9,FALSE)="●","x","") | O9: =IF(VLOOKUP($A9,Sheet1!$A$3:$AW$699,10,FALSE)="■","x","") | P9: =IF(VLOOKUP($A9,Sheet1!$A$3:$AW$699,2,FALSE)="","",VLOOKUP($A9,Sheet1!$A$3:$AW$699,2,FALSE))
A10: 19 | B10: =IF(VLOOKUP($A10,Sheet1!$A$3:$AW$699,20,FALSE)="","",VLOOKUP($A10,Sheet1!$A$3:$AW$699,20,FALSE)) -> TorqueRampTimeUnit | C10: =IF(VLOOKUP($A10,Sheet1!$A$3:$AW$699,25,FALSE)="","",VLOOKUP($A10,Sheet1!$A$3:$AW$699,25,FALSE)) -> All | D10: =IF(VLOOKUP($A10,Sheet1!$A$3:$AW$699,15,FALSE)="","",VLOOKUP($A10,Sheet1!$A$3:$AW$699,15,FALSE)) -> 0 | E10: =IF(VLOOKUP($A10,Sheet1!$A$3:$AW$699,16,FALSE)="","",VLOOKUP($A10,Sheet1!$A$3:$AW$699,16,FALSE)) -> 1 | F10: =IF(VLOOKUP($A10,Sheet1!$A$3:$AW$699,17,FALSE)="","",VLOOKUP($A10,Sheet1!$A$3:$AW$699,17,FALSE)) -> 0 | G10: =IF(VLOOKUP($A10,Sheet1!$A$3:$AW$699,18,FALSE)="","",VLOOKUP($A10,Sheet1!$A$3:$AW$699,18,FALSE)) | H10: =IF(VLOOKUP($A10,Sheet1!$A$3:$AW$699,19,FALSE)="","",VLOOKUP($A10,Sheet1!$A$3:$AW$699,19,FALSE)) | I10: =IF(VLOOKUP($A10,Sheet1!$A$3:$AW$699,5,FALSE)="","",VLOOKUP($A10,Sheet1!$A$3:$AW$699,5,FALSE)) -> USINT | J10: Torque Ramp Time Unit Determines the data unit of torque slope. 0 = millisecond | K10: 2-Drive | L10: =IF(VLOOKUP($A10,Sheet1!$A$3:$AW$699,7,FALSE)="★","x","") -> x | M10: =IF(VLOOKUP($A10,Sheet1!$A$3:$AW$699,8,FALSE)="▲","x","") | N10: =IF(VLOOKUP($A10,Sheet1!$A$3:$AW$699,9,FALSE)="●","x","") | O10: =IF(VLOOKUP($A10,Sheet1!$A$3:$AW$699,10,FALSE)="■","x","") | P10: =IF(VLOOKUP($A10,Sheet1!$A$3:$AW$699,2,FALSE)="","",VLOOKUP($A10,Sheet1!$A$3:$AW$699,2,FALSE))
A11: 20 | B11: =IF(VLOOKUP($A11,Sheet1!$A$3:$AW$699,20,FALSE)="","",VLOOKUP($A11,Sheet1!$A$3:$AW$699,20,FALSE)) -> OperatingMode | C11: =IF(VLOOKUP($A11,Sheet1!$A$3:$AW$699,25,FALSE)="","",VLOOKUP($A11,Sheet1!$A$3:$AW$699,25,FALSE)) -> IO | D11: =IF(VLOOKUP($A11,Sheet1!$A$3:$AW$699,15,FALSE)="","",VLOOKUP($A11,Sheet1!$A$3:$AW$699,15,FALSE)) -> 0 | E11: =IF(VLOOKUP($A11,Sheet1!$A$3:$AW$699,16,FALSE)="","",VLOOKUP($A11,Sheet1!$A$3:$AW$699,16,FALSE)) -> 6 | F11: =IF(VLOOKUP($A11,Sheet1!$A$3:$AW$699,17,FALSE)="","",VLOOKUP($A11,Sheet1!$A$3:$AW$699,17,FALSE)) -> 0 | G11: =IF(VLOOKUP($A11,Sheet1!$A$3:$AW$699,18,FALSE)="","",VLOOKUP($A11,Sheet1!$A$3:$AW$699,18,FALSE)) | H11: =IF(VLOOKUP($A11,Sheet1!$A$3:$AW$699,19,FALSE)="","",VLOOKUP($A11,Sheet1!$A$3:$AW$699,19,FALSE)) | I11: =IF(VLOOKUP($A11,Sheet1!$A$3:$AW$699,5,FALSE)="","",VLOOKUP($A11,Sheet1!$A$3:$AW$699,5,FALSE)) -> SINT | J11: Operating Mode Determines the drive operating mode when ID25 (Start Motion) has a zero-to-one transition. 0 = Mode not specified 1 = Position mode 2 = Speed mode 3 = Home mode 4 = Torque mode 5 = Gear mode 6 = Index mode | K11: 2-Drive | L11: =IF(VLOOKUP($A11,Sheet1!$A$3:$AW$699,7,FALSE)="★","x","") | M11: =IF(VLOOKUP($A11,Sheet1!$A$3:$AW$699,8,FALSE)="▲","x","") | N11: =IF(VLOOKUP($A11,Sheet1!$A$3:$AW$699,9,FALSE)="●","x","") | O11: =IF(VLOOKUP($A11,Sheet1!$A$3:$AW$699,10,FALSE)="■","x","") | P11: =IF(VLOOKUP($A11,Sheet1!$A$3:$AW$699,2,FALSE)="","",VLOOKUP($A11,Sheet1!$A$3:$AW$699,2,FALSE))
A12: 21 | B12: =IF(VLOOKUP($A12,Sheet1!$A$3:$AW$699,20,FALSE)="","",VLOOKUP($A12,Sheet1!$A$3:$AW$699,20,FALSE)) -> ServoOn | C12: =IF(VLOOKUP($A12,Sheet1!$A$3:$AW$699,25,FALSE)="","",VLOOKUP($A12,Sheet1!$A$3:$AW$699,25,FALSE)) -> IO | D12: =IF(VLOOKUP($A12,Sheet1!$A$3:$AW$699,15,FALSE)="","",VLOOKUP($A12,Sheet1!$A$3:$AW$699,15,FALSE)) -> 0 | E12: =IF(VLOOKUP($A12,Sheet1!$A$3:$AW$699,16,FALSE)="","",VLOOKUP($A12,Sheet1!$A$3:$AW$699,16,FALSE)) -> 1 | F12: =IF(VLOOKUP($A12,Sheet1!$A$3:$AW$699,17,FALSE)="","",VLOOKUP($A12,Sheet1!$A$3:$AW$699,17,FALSE)) -> 0 | G12: =IF(VLOOKUP($A12,Sheet1!$A$3:$AW$699,18,FALSE)="","",VLOOKUP($A12,Sheet1!$A$3:$AW$699,18,FALSE)) | H12: =IF(VLOOKUP($A12,Sheet1!$A$3:$AW$699,19,FALSE)="","",VLOOKUP($A12,Sheet1!$A$3:$AW$699,19,FALSE)) | I12: =IF(VLOOKUP($A12,Sheet1!$A$3:$AW$699,5,FALSE)="","",VLOOKUP($A12,Sheet1!$A$3:$AW$699,5,FALSE)) -> BOOL | J12: Servo On A zero-to-one transition will activate the drive. | K12: 2-Drive | L12: =IF(VLOOKUP($A12,Sheet1!$A$3:$AW$699,7,FALSE)="★","x","") | M12: =IF(VLOOKUP($A12,Sheet1!$A$3:$AW$699,8,FALSE)="▲","x","") | N12: =IF(VLOOKUP($A12,Sheet1!$A$3:$AW$699,9,FALSE)="●","x","") | O12: =IF(VLOOKUP($A12,Sheet1!$A$3:$AW$699,10,FALSE)="■","x","") | P12: =IF(VLOOKUP($A12,Sheet1!$A$3:$AW$699,2,FALSE)="","",VLOOKUP($A12,Sheet1!$A$3:$AW$699,2,FALSE))
A13: 22 | B13: =IF(VLOOKUP($A13,Sheet1!$A$3:$AW$699,20,FALSE)="","",VLOOKUP($A13,Sheet1!$A$3:$AW$699,20,FALSE)) -> ServoOff | C13: =IF(VLOOKUP($A13,Sheet1!$A$3:$AW$699,25,FALSE)="","",VLOOKUP($A13,Sheet1!$A$3:$AW$699,25,FALSE)) -> IO | D13: =IF(VLOOKUP($A13,Sheet1!$A$3:$AW$699,15,FALSE)="","",VLOOKUP($A13,Sheet1!$A$3:$AW$699,15,FALSE)) -> 0 | E13: =IF(VLOOKUP($A13,Sheet1!$A$3:$AW$699,16,FALSE)="","",VLOOKUP($A13,Sheet1!$A$3:$AW$699,16,FALSE)) -> 1 | F13: =IF(VLOOKUP($A13,Sheet1!$A$3:$AW$699,17,FALSE)="","",VLOOKUP($A13,Sheet1!$A$3:$AW$699,17,FALSE)) -> 0 | G13: =IF(VLOOKUP($A13,Sheet1!$A$3:$AW$699,18,FALSE)="","",VLOOKUP($A13,Sheet1!$A$3:$AW$699,18,FALSE)) | H13: =IF(VLOOKUP($A13,Sheet1!$A$3:$AW$699,19,FALSE)="","",VLOOKUP($A13,Sheet1!$A$3:$AW$699,19,FALSE)) | I13: =IF(VLOOKUP($A13,Sheet1!$A$3:$AW$699,5,FALSE)="","",VLOOKUP($A13,Sheet1!$A$3:$AW$699,5,FALSE)) -> BOOL | J13: Servo Off A zero-to-one transition will de-activate the drive. | K13: 2-Drive | L13: =IF(VLOOKUP($A13,Sheet1!$A$3:$AW$699,7,FALSE)="★","x","") | M13: =IF(VLOOKUP($A13,Sheet1!$A$3:$AW$699,8,FALSE)="▲","x","") | N13: =IF(VLOOKUP($A13,Sheet1!$A$3:$AW$699,9,FALSE)="●","x","") | O13: =IF(VLOOKUP($A13,Sheet1!$A$3:$AW$699,10,FALSE)="■","x","") | P13: =IF(VLOOKUP($A13,Sheet1!$A$3:$AW$699,2,FALSE)="","",VLOOKUP($A13,Sheet1!$A$3:$AW$699,2,FALSE))
A14: 23 | B14: =IF(VLOOKUP($A14,Sheet1!$A$3:$AW$699,20,FALSE)="","",VLOOKUP($A14,Sheet1!$A$3:$AW$699,20,FALSE)) -> StopMotion | C14: =IF(VLOOKUP($A14,Sheet1!$A$3:$AW$699,25,FALSE)="","",VLOOKUP($A14,Sheet1!$A$3:$AW$699,25,FALSE)) -> IO | D14: =IF(VLOOKUP($A14,Sheet1!$A$3:$AW$699,15,FALSE)="","",VLOOKUP($A14,Sheet1!$A$3:$AW$699,15,FALSE)) -> 0 | E14: =IF(VLOOKUP($A14,Sheet1!$A$3:$AW$699,16,FALSE)="","",VLOOKUP($A14,Sheet1!$A$3:$AW$699,16,FALSE)) -> 1 | F14: =IF(VLOOKUP($A14,Sheet1!$A$3:$AW$699,17,FALSE)="","",VLOOKUP($A14,Sheet1!$A$3:$AW$699,17,FALSE)) -> 0 | G14: =IF(VLOOKUP($A14,Sheet1!$A$3:$AW$699,18,FALSE)="","",VLOOKUP($A14,Sheet1!$A$3:$AW$699,18,FALSE)) | H14: =IF(VLOOKUP($A14,Sheet1!$A$3:$AW$699,19,FALSE)="","",VLOOKUP($A14,Sheet1!$A$3:$AW$699,19,FALSE)) | I14: =IF(VLOOKUP($A14,Sheet1!$A$3:$AW$699,5,FALSE)="","",VLOOKUP($A14,Sheet1!$A$3:$AW$699,5,FALSE)) -> BOOL | J14: Stop Motion A zero-to-one transition will stop the drive. | K14: 2-Drive | L14: =IF(VLOOKUP($A14,Sheet1!$A$3:$AW$699,7,FALSE)="★","x","") | M14: =IF(VLOOKUP($A14,Sheet1!$A$3:$AW$699,8,FALSE)="▲","x","") | N14: =IF(VLOOKUP($A14,Sheet1!$A$3:$AW$699,9,FALSE)="●","x","") | O14: =IF(VLOOKUP($A14,Sheet1!$A$3:$AW$699,10,FALSE)="■","x","") | P14: =IF(VLOOKUP($A14,Sheet1!$A$3:$AW$699,2,FALSE)="","",VLOOKUP($A14,Sheet1!$A$3:$AW$699,2,FALSE))
A15: 24 | B15: =IF(VLOOKUP($A15,Sheet1!$A$3:$AW$699,20,FALSE)="","",VLOOKUP($A15,Sheet1!$A$3:$AW$699,20,FALSE)) -> FaultReset | C15: =IF(VLOOKUP($A15,Sheet1!$A$3:$AW$699,25,FALSE)="","",VLOOKUP($A15,Sheet1!$A$3:$AW$699,25,FALSE)) -> IO | D15: =IF(VLOOKUP($A15,Sheet1!$A$3:$AW$699,15,FALSE)="","",VLOOKUP($A15,Sheet1!$A$3:$AW$699,15,FALSE)) -> 0 | E15: =IF(VLOOKUP($A15,Sheet1!$A$3:$AW$699,16,FALSE)="","",VLOOKUP($A15,Sheet1!$A$3:$AW$699,16,FALSE)) -> 1 | F15: =IF(VLOOKUP($A15,Sheet1!$A$3:$AW$699,17,FALSE)="","",VLOOKUP($A15,Sheet1!$A$3:$AW$699,17,FALSE)) -> 0 | G15: =IF(VLOOKUP($A15,Sheet1!$A$3:$AW$699,18,FALSE)="","",VLOOKUP($A15,Sheet1!$A$3:$AW$699,18,FALSE)) | H15: =IF(VLOOKUP($A15,Sheet1!$A$3:$AW$699,19,FALSE)="","",VLOOKUP($A15,Sheet1!$A$3:$AW$699,19,FALSE)) | I15: =IF(VLOOKUP($A15,Sheet1!$A$3:$AW$699,5,FALSE)="","",VLOOKUP($A15,Sheet1!$A$3:$AW$699,5,FALSE)) -> BOOL | J15: Fault Reset A zero-to-one transition will try to clear a fault on the drive. | K15: 2-Drive | L15: =IF(VLOOKUP($A15,Sheet1!$A$3:$AW$699,7,FALSE)="★","x","") | M15: =IF(VLOOKUP($A15,Sheet1!$A$3:$AW$699,8,FALSE)="▲","x","") | N15: =IF(VLOOKUP($A15,Sheet1!$A$3:$AW$699,9,FALSE)="●","x","") | O15: =IF(VLOOKUP($A15,Sheet1!$A$3:$AW$699,10,FALSE)="■","x","") | P15: =IF(VLOOKUP($A15,Sheet1!$A$3:$AW$699,2,FALSE)="","",VLOOKUP($A15,Sheet1!$A$3:$AW$699,2,FALSE))
A16: 25 | B16: =IF(VLOOKUP($A16,Sheet1!$A$3:$AW$699,20,FALSE)="","",VLOOKUP($A16,Sheet1!$A$3:$AW$699,20,FALSE)) -> StartMotion | C16: =IF(VLOOKUP($A16,Sheet1!$A$3:$AW$699,25,FALSE)="","",VLOOKUP($A16,Sheet1!$A$3:$AW$699,25,FALSE)) -> IO | D16: =IF(VLOOKUP($A16,Sheet1!$A$3:$AW$699,15,FALSE)="","",VLOOKUP($A16,Sheet1!$A$3:$AW$699,15,FALSE)) -> 0 | E16: =IF(VLOOKUP($A16,Sheet1!$A$3:$AW$699,16,FALSE)="","",VLOOKUP($A16,Sheet1!$A$3:$AW$699,16,FALSE)) -> 1 | F16: =IF(VLOOKUP($A16,Sheet1!$A$3:$AW$699,17,FALSE)="","",VLOOKUP($A16,Sheet1!$A$3:$AW$699,17,FALSE)) -> 0 | G16: =IF(VLOOKUP($A16,Sheet1!$A$3:$AW$699,18,FALSE)="","",VLOOKUP($A16,Sheet1!$A$3:$AW$699,18,FALSE)) | H16: =IF(VLOOKUP($A16,Sheet1!$A$3:$AW$699,19,FALSE)="","",VLOOKUP($A16,Sheet1!$A$3:$AW$699,19,FALSE)) | I16: =IF(VLOOKUP($A16,Sheet1!$A$3:$AW$699,5,FALSE)="","",VLOOKUP($A16,Sheet1!$A$3:$AW$699,5,FALSE)) -> BOOL | J16: Start Motion A zero-to-one transition means the motion command has been issued from the external controller. | K16: 2-Drive | L16: =IF(VLOOKUP($A16,Sheet1!$A$3:$AW$699,7,FALSE)="★","x","") | M16: =IF(VLOOKUP($A16,Sheet1!$A$3:$AW$699,8,FALSE)="▲","x","") | N16: =IF(VLOOKUP($A16,Sheet1!$A$3:$AW$699,9,FALSE)="●","x","") | O16: =IF(VLOOKUP($A16,Sheet1!$A$3:$AW$699,10,FALSE)="■","x","") | P16: =IF(VLOOKUP($A16,Sheet1!$A$3:$AW$699,2,FALSE)="","",VLOOKUP($A16,Sheet1!$A$3:$AW$699,2,FALSE))
... A61: 81 | B61: =IF(VLOOKUP($A61,Sheet1!$A$3:$AW$699,20,FALSE)="","",VLOOKUP($A61,Sheet1!$A$3:$AW$699,20,FALSE)) -> CamMasterLockPosition | C61: =IF(VLOOKUP($A61,Sheet1!$A$3:$AW$699,25,FALSE)="","",VLOOKUP($A61,Sheet1!$A$3:$AW$699,25,FALSE)) -> IO | D61: =IF(VLOOKUP($A61,Sheet1!$A$3:$AW$699,15,FALSE)="","",VLOOKUP($A61,Sheet1!$A$3:$AW$699,15,FALSE)) -> -1073741824 | E61: =IF(VLOOKUP($A61,Sheet1!$A$3:$AW$699,16,FALSE)="","",VLOOKUP($A61,Sheet1!$A$3:$AW$699,16,FALSE)) -> 1073741823 | F61: =IF(VLOOKUP($A61,Sheet1!$A$3:$AW$699,17,FALSE)="","",VLOOKUP($A61,Sheet1!$A$3:$AW$699,17,FALSE)) -> 0 | G61: =IF(VLOOKUP($A61,Sheet1!$A$3:$AW$699,18,FALSE)="","",VLOOKUP($A61,Sheet1!$A$3:$AW$699,18,FALSE)) | H61: =IF(VLOOKUP($A61,Sheet1!$A$3:$AW$699,19,FALSE)="","",VLOOKUP($A61,Sheet1!$A$3:$AW$699,19,FALSE)) | I61: =IF(VLOOKUP($A61,Sheet1!$A$3:$AW$699,5,FALSE)="","",VLOOKUP($A61,Sheet1!$A$3:$AW$699,5,FALSE)) -> DINT | J61: This determines the master location where the slave axis locks to the mater axis. Valid only when CamExecutionSchedule = 2, 3, 4 | K61: 2-Drive | L61: =IF(VLOOKUP($A61,Sheet1!$A$3:$AW$699,7,FALSE)="★","x","") | M61: =IF(VLOOKUP($A61,Sheet1!$A$3:$AW$699,8,FALSE)="▲","x","") | N61: =IF(VLOOKUP($A61,Sheet1!$A$3:$AW$699,9,FALSE)="●","x","") | O61: =IF(VLOOKUP($A61,Sheet1!$A$3:$AW$699,10,FALSE)="■","x","") | P61: =IF(VLOOKUP($A61,Sheet1!$A$3:$AW$699,2,FALSE)="","",VLOOKUP($A61,Sheet1!$A$3:$AW$699,2,FALSE))
A62: 98 | B62: =IF(VLOOKUP($A62,Sheet1!$A$3:$AW$699,20,FALSE)="","",VLOOKUP($A62,Sheet1!$A$3:$AW$699,20,FALSE)) -> DriveConnectionStatus | C62: =IF(VLOOKUP($A62,Sheet1!$A$3:$AW$699,25,FALSE)="","",VLOOKUP($A62,Sheet1!$A$3:$AW$699,25,FALSE)) | D62: =IF(VLOOKUP($A62,Sheet1!$A$3:$AW$699,15,FALSE)="","",VLOOKUP($A62,Sheet1!$A$3:$AW$699,15,FALSE)) -> 0x00000000 | E62: =IF(VLOOKUP($A62,Sheet1!$A$3:$AW$699,16,FALSE)="","",VLOOKUP($A62,Sheet1!$A$3:$AW$699,16,FALSE)) -> 0xFFFFFFFF | F62: =IF(VLOOKUP($A62,Sheet1!$A$3:$AW$699,17,FALSE)="","",VLOOKUP($A62,Sheet1!$A$3:$AW$699,17,FALSE)) -> 0x00000000 | G62: =IF(VLOOKUP($A62,Sheet1!$A$3:$AW$699,18,FALSE)="","",VLOOKUP($A62,Sheet1!$A$3:$AW$699,18,FALSE)) | H62: =IF(VLOOKUP($A62,Sheet1!$A$3:$AW$699,19,FALSE)="","",VLOOKUP($A62,Sheet1!$A$3:$AW$699,19,FALSE)) | I62: =IF(VLOOKUP($A62,Sheet1!$A$3:$AW$699,5,FALSE)="","",VLOOKUP($A62,Sheet1!$A$3:$AW$699,5,FALSE)) -> UDINT | J62: Drive Connection Status | L62: =IF(VLOOKUP($A62,Sheet1!$A$3:$AW$699,7,FALSE)="★","x","") -> x | M62: =IF(VLOOKUP($A62,Sheet1!$A$3:$AW$699,8,FALSE)="▲","x","") | N62: =IF(VLOOKUP($A62,Sheet1!$A$3:$AW$699,9,FALSE)="●","x","") | O62: =IF(VLOOKUP($A62,Sheet1!$A$3:$AW$699,10,FALSE)="■","x","") | P62: =IF(VLOOKUP($A62,Sheet1!$A$3:$AW$699,2,FALSE)="","",VLOOKUP($A62,Sheet1!$A$3:$AW$699,2,FALSE))
A63: 99 | B63: =IF(VLOOKUP($A63,Sheet1!$A$3:$AW$699,20,FALSE)="","",VLOOKUP($A63,Sheet1!$A$3:$AW$699,20,FALSE)) -> DriveConfigurationSignature | C63: =IF(VLOOKUP($A63,Sheet1!$A$3:$AW$699,25,FALSE)="","",VLOOKUP($A63,Sheet1!$A$3:$AW$699,25,FALSE)) | D63: =IF(VLOOKUP($A63,Sheet1!$A$3:$AW$699,15,FALSE)="","",VLOOKUP($A63,Sheet1!$A$3:$AW$699,15,FALSE)) -> 0x00000000 | E63: =IF(VLOOKUP($A63,Sheet1!$A$3:$AW$699,16,FALSE)="","",VLOOKUP($A63,Sheet1!$A$3:$AW$699,16,FALSE)) -> 0xFFFFFFFF | F63: =IF(VLOOKUP($A63,Sheet1!$A$3:$AW$699,17,FALSE)="","",VLOOKUP($A63,Sheet1!$A$3:$AW$699,17,FALSE)) -> 0x00000000 | G63: =IF(VLOOKUP($A63,Sheet1!$A$3:$AW$699,18,FALSE)="","",VLOOKUP($A63,Sheet1!$A$3:$AW$699,18,FALSE)) | H63: =IF(VLOOKUP($A63,Sheet1!$A$3:$AW$699,19,FALSE)="","",VLOOKUP($A63,Sheet1!$A$3:$AW$699,19,FALSE)) | I63: =IF(VLOOKUP($A63,Sheet1!$A$3:$AW$699,5,FALSE)="","",VLOOKUP($A63,Sheet1!$A$3:$AW$699,5,FALSE)) -> UDINT | J63: Drive Configuration Signature | L63: =IF(VLOOKUP($A63,Sheet1!$A$3:$AW$699,7,FALSE)="★","x","") -> x | M63: =IF(VLOOKUP($A63,Sheet1!$A$3:$AW$699,8,FALSE)="▲","x","") | N63: =IF(VLOOKUP($A63,Sheet1!$A$3:$AW$699,9,FALSE)="●","x","") | O63: =IF(VLOOKUP($A63,Sheet1!$A$3:$AW$699,10,FALSE)="■","x","") | P63: =IF(VLOOKUP($A63,Sheet1!$A$3:$AW$699,2,FALSE)="","",VLOOKUP($A63,Sheet1!$A$3:$AW$699,2,FALSE))
A64: 651 | B64: =IF(VLOOKUP($A64,Sheet1!$A$3:$AW$699,20,FALSE)="","",VLOOKUP($A64,Sheet1!$A$3:$AW$699,20,FALSE)) -> HardwareRevision | C64: =IF(VLOOKUP($A64,Sheet1!$A$3:$AW$699,25,FALSE)="","",VLOOKUP($A64,Sheet1!$A$3:$AW$699,25,FALSE)) -> All | D64: =IF(VLOOKUP($A64,Sheet1!$A$3:$AW$699,15,FALSE)="","",VLOOKUP($A64,Sheet1!$A$3:$AW$699,15,FALSE)) -> 0 | E64: =IF(VLOOKUP($A64,Sheet1!$A$3:$AW$699,16,FALSE)="","",VLOOKUP($A64,Sheet1!$A$3:$AW$699,16,FALSE)) -> 0xFFFF | F64: =IF(VLOOKUP($A64,Sheet1!$A$3:$AW$699,17,FALSE)="","",VLOOKUP($A64,Sheet1!$A$3:$AW$699,17,FALSE)) -> 0 | G64: =IF(VLOOKUP($A64,Sheet1!$A$3:$AW$699,18,FALSE)="","",VLOOKUP($A64,Sheet1!$A$3:$AW$699,18,FALSE)) | H64: =IF(VLOOKUP($A64,Sheet1!$A$3:$AW$699,19,FALSE)="","",VLOOKUP($A64,Sheet1!$A$3:$AW$699,19,FALSE)) | I64: =IF(VLOOKUP($A64,Sheet1!$A$3:$AW$699,5,FALSE)="","",VLOOKUP($A64,Sheet1!$A$3:$AW$699,5,FALSE)) -> UINT | J64: Hardware Revision high byte = Major version low byte = Minor version | K64: 2-Drive | L64: =IF(VLOOKUP($A64,Sheet1!$A$3:$AW$699,7,FALSE)="★","x","") -> x | M64: =IF(VLOOKUP($A64,Sheet1!$A$3:$AW$699,8,FALSE)="▲","x","") | N64: =IF(VLOOKUP($A64,Sheet1!$A$3:$AW$699,9,FALSE)="●","x","") | O64: =IF(VLOOKUP($A64,Sheet1!$A$3:$AW$699,10,FALSE)="■","x","") -> x | P64: =IF(VLOOKUP($A64,Sheet1!$A$3:$AW$699,2,FALSE)="","",VLOOKUP($A64,Sheet1!$A$3:$AW$699,2,FALSE)) -> PN.027
A65: 652 | B65: =IF(VLOOKUP($A65,Sheet1!$A$3:$AW$699,20,FALSE)="","",VLOOKUP($A65,Sheet1!$A$3:$AW$699,20,FALSE)) -> DriveName | C65: =IF(VLOOKUP($A65,Sheet1!$A$3:$AW$699,25,FALSE)="","",VLOOKUP($A65,Sheet1!$A$3:$AW$699,25,FALSE)) -> All | D65: =IF(VLOOKUP($A65,Sheet1!$A$3:$AW$699,15,FALSE)="","",VLOOKUP($A65,Sheet1!$A$3:$AW$699,15,FALSE)) | E65: =IF(VLOOKUP($A65,Sheet1!$A$3:$AW$699,16,FALSE)="","",VLOOKUP($A65,Sheet1!$A$3:$AW$699,16,FALSE)) | F65: =IF(VLOOKUP($A65,Sheet1!$A$3:$AW$699,17,FALSE)="","",VLOOKUP($A65,Sheet1!$A$3:$AW$699,17,FALSE)) | G65: =IF(VLOOKUP($A65,Sheet1!$A$3:$AW$699,18,FALSE)="","",VLOOKUP($A65,Sheet1!$A$3:$AW$699,18,FALSE)) | H65: =IF(VLOOKUP($A65,Sheet1!$A$3:$AW$699,19,FALSE)="","",VLOOKUP($A65,Sheet1!$A$3:$AW$699,19,FALSE)) | I65: =IF(VLOOKUP($A65,Sheet1!$A$3:$AW$699,5,FALSE)="","",VLOOKUP($A65,Sheet1!$A$3:$AW$699,5,FALSE)) -> SHORT_STRING | J65: Drive Name [0]-[31] | K65: 2-Drive | L65: =IF(VLOOKUP($A65,Sheet1!$A$3:$AW$699,7,FALSE)="★","x","") | M65: =IF(VLOOKUP($A65,Sheet1!$A$3:$AW$699,8,FALSE)="▲","x","") -> x | N65: =IF(VLOOKUP($A65,Sheet1!$A$3:$AW$699,9,FALSE)="●","x","") | O65: =IF(VLOOKUP($A65,Sheet1!$A$3:$AW$699,10,FALSE)="■","x","") | P65: =IF(VLOOKUP($A65,Sheet1!$A$3:$AW$699,2,FALSE)="","",VLOOKUP($A65,Sheet1!$A$3:$AW$699,2,FALSE)) -> PN.028
A66: 653 | B66: =IF(VLOOKUP($A66,Sheet1!$A$3:$AW$699,20,FALSE)="","",VLOOKUP($A66,Sheet1!$A$3:$AW$699,20,FALSE)) -> DriveSerialNumber | C66: =IF(VLOOKUP($A66,Sheet1!$A$3:$AW$699,25,FALSE)="","",VLOOKUP($A66,Sheet1!$A$3:$AW$699,25,FALSE)) -> All | D66: =IF(VLOOKUP($A66,Sheet1!$A$3:$AW$699,15,FALSE)="","",VLOOKUP($A66,Sheet1!$A$3:$AW$699,15,FALSE)) -> 0 | E66: =IF(VLOOKUP($A66,Sheet1!$A$3:$AW$699,16,FALSE)="","",VLOOKUP($A66,Sheet1!$A$3:$AW$699,16,FALSE)) -> 0xFFFFFFFF | F66: =IF(VLOOKUP($A66,Sheet1!$A$3:$AW$699,17,FALSE)="","",VLOOKUP($A66,Sheet1!$A$3:$AW$699,17,FALSE)) -> 0 | G66: =IF(VLOOKUP($A66,Sheet1!$A$3:$AW$699,18,FALSE)="","",VLOOKUP($A66,Sheet1!$A$3:$AW$699,18,FALSE)) | H66: =IF(VLOOKUP($A66,Sheet1!$A$3:$AW$699,19,FALSE)="","",VLOOKUP($A66,Sheet1!$A$3:$AW$699,19,FALSE)) | I66: =IF(VLOOKUP($A66,Sheet1!$A$3:$AW$699,5,FALSE)="","",VLOOKUP($A66,Sheet1!$A$3:$AW$699,5,FALSE)) -> UDINT | J66: Drive Serial Number | K66: 2-Drive | L66: =IF(VLOOKUP($A66,Sheet1!$A$3:$AW$699,7,FALSE)="★","x","") -> x | M66: =IF(VLOOKUP($A66,Sheet1!$A$3:$AW$699,8,FALSE)="▲","x","") | N66: =IF(VLOOKUP($A66,Sheet1!$A$3:$AW$699,9,FALSE)="●","x","") | O66: =IF(VLOOKUP($A66,Sheet1!$A$3:$AW$699,10,FALSE)="■","x","") -> x | P66: =IF(VLOOKUP($A66,Sheet1!$A$3:$AW$699,2,FALSE)="","",VLOOKUP($A66,Sheet1!$A$3:$AW$699,2,FALSE)) -> PN.036
A67: 657 | B67: =IF(VLOOKUP($A67,Sheet1!$A$3:$AW$699,20,FALSE)="","",VLOOKUP($A67,Sheet1!$A$3:$AW$699,20,FALSE)) -> InverterTemperature | C67: =IF(VLOOKUP($A67,Sheet1!$A$3:$AW$699,25,FALSE)="","",VLOOKUP($A67,Sheet1!$A$3:$AW$699,25,FALSE)) -> All | D67: =IF(VLOOKUP($A67,Sheet1!$A$3:$AW$699,15,FALSE)="","",VLOOKUP($A67,Sheet1!$A$3:$AW$699,15,FALSE)) -> 0 | E67: =IF(VLOOKUP($A67,Sheet1!$A$3:$AW$699,16,FALSE)="","",VLOOKUP($A67,Sheet1!$A$3:$AW$699,16,FALSE)) -> 0xFFFFFFFF | F67: =IF(VLOOKUP($A67,Sheet1!$A$3:$AW$699,17,FALSE)="","",VLOOKUP($A67,Sheet1!$A$3:$AW$699,17,FALSE)) -> 0 | G67: =IF(VLOOKUP($A67,Sheet1!$A$3:$AW$699,18,FALSE)="","",VLOOKUP($A67,Sheet1!$A$3:$AW$699,18,FALSE)) | H67: =IF(VLOOKUP($A67,Sheet1!$A$3:$AW$699,19,FALSE)="","",VLOOKUP($A67,Sheet1!$A$3:$AW$699,19,FALSE)) -> oC | I67: =IF(VLOOKUP($A67,Sheet1!$A$3:$AW$699,5,FALSE)="","",VLOOKUP($A67,Sheet1!$A$3:$AW$699,5,FALSE)) -> UDINT | J67: Inverter Temperature | K67: 2-Drive | L67: =IF(VLOOKUP($A67,Sheet1!$A$3:$AW$699,7,FALSE)="★","x","") -> x | M67: =IF(VLOOKUP($A67,Sheet1!$A$3:$AW$699,8,FALSE)="▲","x","") | N67: =IF(VLOOKUP($A67,Sheet1!$A$3:$AW$699,9,FALSE)="●","x","") | O67: =IF(VLOOKUP($A67,Sheet1!$A$3:$AW$699,10,FALSE)="■","x","") -> x | P67: =IF(VLOOKUP($A67,Sheet1!$A$3:$AW$699,2,FALSE)="","",VLOOKUP($A67,Sheet1!$A$3:$AW$699,2,FALSE)) -> PN.039
A68: 662 | B68: =IF(VLOOKUP($A68,Sheet1!$A$3:$AW$699,20,FALSE)="","",VLOOKUP($A68,Sheet1!$A$3:$AW$699,20,FALSE)) -> ProductCode | C68: =IF(VLOOKUP($A68,Sheet1!$A$3:$AW$699,25,FALSE)="","",VLOOKUP($A68,Sheet1!$A$3:$AW$699,25,FALSE)) -> All | D68: =IF(VLOOKUP($A68,Sheet1!$A$3:$AW$699,15,FALSE)="","",VLOOKUP($A68,Sheet1!$A$3:$AW$699,15,FALSE)) -> 1 | E68: =IF(VLOOKUP($A68,Sheet1!$A$3:$AW$699,16,FALSE)="","",VLOOKUP($A68,Sheet1!$A$3:$AW$699,16,FALSE)) -> 65535 | F68: =IF(VLOOKUP($A68,Sheet1!$A$3:$AW$699,17,FALSE)="","",VLOOKUP($A68,Sheet1!$A$3:$AW$699,17,FALSE)) -> 1 | G68: =IF(VLOOKUP($A68,Sheet1!$A$3:$AW$699,18,FALSE)="","",VLOOKUP($A68,Sheet1!$A$3:$AW$699,18,FALSE)) | H68: =IF(VLOOKUP($A68,Sheet1!$A$3:$AW$699,19,FALSE)="","",VLOOKUP($A68,Sheet1!$A$3:$AW$699,19,FALSE)) | I68: =IF(VLOOKUP($A68,Sheet1!$A$3:$AW$699,5,FALSE)="","",VLOOKUP($A68,Sheet1!$A$3:$AW$699,5,FALSE)) -> UINT | J68: Product Code 1 = 2198-E1004-ERS 2 = 2198-E1007-ERS 3 = 2198-E1015-ERS 4 = 2198-E1020-ERS 5 = 2198-E2030-ERS 6 = 2198-E2055-ERS 7 = 2198-E2075-ERS 9 = 2198-E2150-ERS 10 = 2198-E4004-ERS 11 = 2198-E4007-ERS 12 = 2198-E4015-ERS 13 = 2198-E4020-ERS 14 = 2198-E4030-ERS 15 = 2198-E4055-ERS 16 = 2198-E4075-ERS 17 = 2198-E4150-ERS | K68: 2-Drive | L68: =IF(VLOOKUP($A68,Sheet1!$A$3:$AW$699,7,FALSE)="★","x","") -> x | M68: =IF(VLOOKUP($A68,Sheet1!$A$3:$AW$699,8,FALSE)="▲","x","") | N68: =IF(VLOOKUP($A68,Sheet1!$A$3:$AW$699,9,FALSE)="●","x","") | O68: =IF(VLOOKUP($A68,Sheet1!$A$3:$AW$699,10,FALSE)="■","x","") -> x | P68: =IF(VLOOKUP($A68,Sheet1!$A$3:$AW$699,2,FALSE)="","",VLOOKUP($A68,Sheet1!$A$3:$AW$699,2,FALSE)) -> PN.047
A69: 673 | B69: =IF(VLOOKUP($A69,Sheet1!$A$3:$AW$699,20,FALSE)="","",VLOOKUP($A69,Sheet1!$A$3:$AW$699,20,FALSE)) -> FwRevision | C69: =IF(VLOOKUP($A69,Sheet1!$A$3:$AW$699,25,FALSE)="","",VLOOKUP($A69,Sheet1!$A$3:$AW$699,25,FALSE)) -> All | D69: =IF(VLOOKUP($A69,Sheet1!$A$3:$AW$699,15,FALSE)="","",VLOOKUP($A69,Sheet1!$A$3:$AW$699,15,FALSE)) -> 0 | E69: =IF(VLOOKUP($A69,Sheet1!$A$3:$AW$699,16,FALSE)="","",VLOOKUP($A69,Sheet1!$A$3:$AW$699,16,FALSE)) -> 32767 | F69: =IF(VLOOKUP($A69,Sheet1!$A$3:$AW$699,17,FALSE)="","",VLOOKUP($A69,Sheet1!$A$3:$AW$699,17,FALSE)) -> 0 | G69: =IF(VLOOKUP($A69,Sheet1!$A$3:$AW$699,18,FALSE)="","",VLOOKUP($A69,Sheet1!$A$3:$AW$699,18,FALSE)) | H69: =IF(VLOOKUP($A69,Sheet1!$A$3:$AW$699,19,FALSE)="","",VLOOKUP($A69,Sheet1!$A$3:$AW$699,19,FALSE)) | I69: =IF(VLOOKUP($A69,Sheet1!$A$3:$AW$699,5,FALSE)="","",VLOOKUP($A69,Sheet1!$A$3:$AW$699,5,FALSE)) -> INT | J69: Firmware Revision | K69: 2-Drive | L69: =IF(VLOOKUP($A69,Sheet1!$A$3:$AW$699,7,FALSE)="★","x","") -> x | M69: =IF(VLOOKUP($A69,Sheet1!$A$3:$AW$699,8,FALSE)="▲","x","") | N69: =IF(VLOOKUP($A69,Sheet1!$A$3:$AW$699,9,FALSE)="●","x","") | O69: =IF(VLOOKUP($A69,Sheet1!$A$3:$AW$699,10,FALSE)="■","x","") -> x | P69: =IF(VLOOKUP($A69,Sheet1!$A$3:$AW$699,2,FALSE)="","",VLOOKUP($A69,Sheet1!$A$3:$AW$699,2,FALSE)) -> PN.048
A70: 674 | B70: =IF(VLOOKUP($A70,Sheet1!$A$3:$AW$699,20,FALSE)="","",VLOOKUP($A70,Sheet1!$A$3:$AW$699,20,FALSE)) -> FwSubminorRevision | C70: =IF(VLOOKUP($A70,Sheet1!$A$3:$AW$699,25,FALSE)="","",VLOOKUP($A70,Sheet1!$A$3:$AW$699,25,FALSE)) -> All | D70: =IF(VLOOKUP($A70,Sheet1!$A$3:$AW$699,15,FALSE)="","",VLOOKUP($A70,Sheet1!$A$3:$AW$699,15,FALSE)) -> 0 | E70: =IF(VLOOKUP($A70,Sheet1!$A$3:$AW$699,16,FALSE)="","",VLOOKUP($A70,Sheet1!$A$3:$AW$699,16,FALSE)) -> 2147483647 | F70: =IF(VLOOKUP($A70,Sheet1!$A$3:$AW$699,17,FALSE)="","",VLOOKUP($A70,Sheet1!$A$3:$AW$699,17,FALSE)) -> 0 | G70: =IF(VLOOKUP($A70,Sheet1!$A$3:$AW$699,18,FALSE)="","",VLOOKUP($A70,Sheet1!$A$3:$AW$699,18,FALSE)) | H70: =IF(VLOOKUP($A70,Sheet1!$A$3:$AW$699,19,FALSE)="","",VLOOKUP($A70,Sheet1!$A$3:$AW$699,19,FALSE)) | I70: =IF(VLOOKUP($A70,Sheet1!$A$3:$AW$699,5,FALSE)="","",VLOOKUP($A70,Sheet1!$A$3:$AW$699,5,FALSE)) -> DINT | J70: Firmware Sub-minor Revision | K70: 2-Drive | L70: =IF(VLOOKUP($A70,Sheet1!$A$3:$AW$699,7,FALSE)="★","x","") -> x | M70: =IF(VLOOKUP($A70,Sheet1!$A$3:$AW$699,8,FALSE)="▲","x","") | N70: =IF(VLOOKUP($A70,Sheet1!$A$3:$AW$699,9,FALSE)="●","x","") | O70: =IF(VLOOKUP($A70,Sheet1!$A$3:$AW$699,10,FALSE)="■","x","") -> x | P70: =IF(VLOOKUP($A70,Sheet1!$A$3:$AW$699,2,FALSE)="","",VLOOKUP($A70,Sheet1!$A$3:$AW$699,2,FALSE)) -> PN.049

Sheet 3 - General
A1: Kinetix 5100 Servo Drive Parameters For more information see:
A2: Kinetix 5100 Servo Drive User Manual, publication 2198-UM004
A4: ID | B4: Name | C4: Control Mode | D4: Min. | E4: Max. | F4: Default Value | G4: Precision | H4: Units | I4: Data Type | J4: Comments | K4: Groups | L4: Read-only | M4: Set When Servo Off | N4: Valid After Power Cycle | O4: Volatile Parameter | P4: Parameter Number
A5: 100 | B5: =IF(VLOOKUP($A5,Sheet1!$A$3:$AW$699,20,FALSE)="","",VLOOKUP($A5,Sheet1!$A$3:$AW$699,20,FALSE)) -> DSPFwVer | C5: =IF(VLOOKUP($A5,Sheet1!$A$3:$AW$699,25,FALSE)="","",VLOOKUP($A5,Sheet1!$A$3:$AW$699,25,FALSE)) -> All | D5: =IF(VLOOKUP($A5,Sheet1!$A$3:$AW$699,15,FALSE)="","",VLOOKUP($A5,Sheet1!$A$3:$AW$699,15,FALSE)) -> -32768 | E5: =IF(VLOOKUP($A5,Sheet1!$A$3:$AW$699,16,FALSE)="","",VLOOKUP($A5,Sheet1!$A$3:$AW$699,16,FALSE)) -> 32767 | F5: =IF(VLOOKUP($A5,Sheet1!$A$3:$AW$699,17,FALSE)="","",VLOOKUP($A5,Sheet1!$A$3:$AW$699,17,FALSE)) -> 0 | G5: =IF(VLOOKUP($A5,Sheet1!$A$3:$AW$699,18,FALSE)="","",VLOOKUP($A5,Sheet1!$A$3:$AW$699,18,FALSE)) | H5: =IF(VLOOKUP($A5,Sheet1!$A$3:$AW$699,19,FALSE)="","",VLOOKUP($A5,Sheet1!$A$3:$AW$699,19,FALSE)) | I5: =IF(VLOOKUP($A5,Sheet1!$A$3:$AW$699,5,FALSE)="","",VLOOKUP($A5,Sheet1!$A$3:$AW$699,5,FALSE)) -> INT | J5: DSP Firmware Version High byte = Major version Low byte = Minor version | K5: 3-General | L5: =IF(VLOOKUP($A5,Sheet1!$A$3:$AW$699,7,FALSE)="★","x","") -> x | M5: =IF(VLOOKUP($A5,Sheet1!$A$3:$AW$699,8,FALSE)="▲","x","") | N5: =IF(VLOOKUP($A5,Sheet1!$A$3:$AW$699,9,FALSE)="●","x","") | O5: =IF(VLOOKUP($A5,Sheet1!$A$3:$AW$699,10,FALSE)="■","x","") -> x | P5: =IF(VLOOKUP($A5,Sheet1!$A$3:$AW$699,2,FALSE)="","",VLOOKUP($A5,Sheet1!$A$3:$AW$699,2,FALSE)) -> P0.000
A6: 103 | B6: =IF(VLOOKUP($A6,Sheet1!$A$3:$AW$699,20,FALSE)="","",VLOOKUP($A6,Sheet1!$A$3:$AW$699,20,FALSE)) -> AOMonitorSelection | C6: =IF(VLOOKUP($A6,Sheet1!$A$3:$AW$699,25,FALSE)="","",VLOOKUP($A6,Sheet1!$A$3:$AW$699,25,FALSE)) -> All | D6: =IF(VLOOKUP($A6,Sheet1!$A$3:$AW$699,15,FALSE)="","",VLOOKUP($A6,Sheet1!$A$3:$AW$699,15,FALSE)) -> 0x0000 | E6: =IF(VLOOKUP($A6,Sheet1!$A$3:$AW$699,16,FALSE)="","",VLOOKUP($A6,Sheet1!$A$3:$AW$699,16,FALSE)) -> 0x0077 | F6: =IF(VLOOKUP($A6,Sheet1!$A$3:$AW$699,17,FALSE)="","",VLOOKUP($A6,Sheet1!$A$3:$AW$699,17,FALSE)) -> 0x0000 | G6: =IF(VLOOKUP($A6,Sheet1!$A$3:$AW$699,18,FALSE)="","",VLOOKUP($A6,Sheet1!$A$3:$AW$699,18,FALSE)) | H6: =IF(VLOOKUP($A6,Sheet1!$A$3:$AW$699,19,FALSE)="","",VLOOKUP($A6,Sheet1!$A$3:$AW$699,19,FALSE)) | I6: =IF(VLOOKUP($A6,Sheet1!$A$3:$AW$699,5,FALSE)="","",VLOOKUP($A6,Sheet1!$A$3:$AW$699,5,FALSE)) -> UINT | J6: Analog Output Monitor Selection The operation status of motor can be displayed as analog voltage, such as speed and current. This servo drive provides 2 output channels, MON1 (Y) and MON2 (X). This signal is based on the power ground. The max output voltage (Max.Volt) can be configured to either 8 V or 10 V by ID266(P2.112).bit0. See Analog Monitoring in the user manual. Y (MON1) and X (MON2) 0=Motor speed (±Max.Volt V/Max. speed) 1=Motor torque (±Max.Volt V/Max. torque) 2=Pulse command frequency (+Max.Volt V/4.5Mpps) 3=Speed command (±Max.Volt V/Max. speed command) 4=Torque command (±Max.Volt V/Max. torque command) 5=VBUS voltage (±Max.Volt V/450 V) 6=ID181(P1.101) mV 7=ID182(P1.102) mV UZ Reserved | K6: 3-General | L6: =IF(VLOOKUP($A6,Sheet1!$A$3:$AW$699,7,FALSE)="★","x","") | M6: =IF(VLOOKUP($A6,Sheet1!$A$3:$AW$699,8,FALSE)="▲","x","") | N6: =IF(VLOOKUP($A6,Sheet1!$A$3:$AW$699,9,FALSE)="●","x","") | O6: =IF(VLOOKUP($A6,Sheet1!$A$3:$AW$699,10,FALSE)="■","x","") | P6: =IF(VLOOKUP($A6,Sheet1!$A$3:$AW$699,2,FALSE)="","",VLOOKUP($A6,Sheet1!$A$3:$AW$699,2,FALSE)) -> P0.003
A7: 108 | B7: =IF(VLOOKUP($A7,Sheet1!$A$3:$AW$699,20,FALSE)="","",VLOOKUP($A7,Sheet1!$A$3:$AW$699,20,FALSE)) -> EncoderDataUpdateConfiguration | C7: =IF(VLOOKUP($A7,Sheet1!$A$3:$AW$699,25,FALSE)="","",VLOOKUP($A7,Sheet1!$A$3:$AW$699,25,FALSE)) -> All | D7: =IF(VLOOKUP($A7,Sheet1!$A$3:$AW$699,15,FALSE)="","",VLOOKUP($A7,Sheet1!$A$3:$AW$699,15,FALSE)) -> 0x0000 | E7: =IF(VLOOKUP($A7,Sheet1!$A$3:$AW$699,16,FALSE)="","",VLOOKUP($A7,Sheet1!$A$3:$AW$699,16,FALSE)) -> 0x0002 | F7: =IF(VLOOKUP($A7,Sheet1!$A$3:$AW$699,17,FALSE)="","",VLOOKUP($A7,Sheet1!$A$3:$AW$699,17,FALSE)) -> 0x0000 | G7: =IF(VLOOKUP($A7,Sheet1!$A$3:$AW$699,18,FALSE)="","",VLOOKUP($A7,Sheet1!$A$3:$AW$699,18,FALSE)) | H7: =IF(VLOOKUP($A7,Sheet1!$A$3:$AW$699,19,FALSE)="","",VLOOKUP($A7,Sheet1!$A$3:$AW$699,19,FALSE)) | I7: =IF(VLOOKUP($A7,Sheet1!$A$3:$AW$699,5,FALSE)="","",VLOOKUP($A7,Sheet1!$A$3:$AW$699,5,FALSE)) -> UINT | J7: Encoder Data Update Configuration See Reading the Absolute Position with Communication in the user manual. X: Command processing 0=Not applicable 1=Update the encoder data of ID109…ID111 (P0.050…P0.052) 2=Update ID109…ID111 (P0.050…P0.052) and clear the position error. When the command takes effect, the motor's current position will be set as the terminal point of the position command. | K7: 3-General | L7: =IF(VLOOKUP($A7,Sheet1!$A$3:$AW$699,7,FALSE)="★","x","") | M7: =IF(VLOOKUP($A7,Sheet1!$A$3:$AW$699,8,FALSE)="▲","x","") | N7: =IF(VLOOKUP($A7,Sheet1!$A$3:$AW$699,9,FALSE)="●","x","") | O7: =IF(VLOOKUP($A7,Sheet1!$A$3:$AW$699,10,FALSE)="■","x","") -> x | P7: =IF(VLOOKUP($A7,Sheet1!$A$3:$AW$699,2,FALSE)="","",VLOOKUP($A7,Sheet1!$A$3:$AW$699,2,FALSE)) -> P0.049
A8: 112 | B8: =IF(VLOOKUP($A8,Sheet1!$A$3:$AW$699,20,FALSE)="","",VLOOKUP($A8,Sheet1!$A$3:$AW$699,20,FALSE)) -> SystemVariableMonitorFilterTime | C8: =IF(VLOOKUP($A8,Sheet1!$A$3:$AW$699,25,FALSE)="","",VLOOKUP($A8,Sheet1!$A$3:$AW$699,25,FALSE)) -> All | D8: =IF(VLOOKUP($A8,Sheet1!$A$3:$AW$699,15,FALSE)="","",VLOOKUP($A8,Sheet1!$A$3:$AW$699,15,FALSE)) -> 0x0000 | E8: =IF(VLOOKUP($A8,Sheet1!$A$3:$AW$699,16,FALSE)="","",VLOOKUP($A8,Sheet1!$A$3:$AW$699,16,FALSE)) -> 0x000F | F8: =IF(VLOOKUP($A8,Sheet1!$A$3:$AW$699,17,FALSE)="","",VLOOKUP($A8,Sheet1!$A$3:$AW$699,17,FALSE)) -> 0x0000 | G8: =IF(VLOOKUP($A8,Sheet1!$A$3:$AW$699,18,FALSE)="","",VLOOKUP($A8,Sheet1!$A$3:$AW$699,18,FALSE)) | H8: =IF(VLOOKUP($A8,Sheet1!$A$3:$AW$699,19,FALSE)="","",VLOOKUP($A8,Sheet1!$A$3:$AW$699,19,FALSE)) -> ms | I8: =IF(VLOOKUP($A8,Sheet1!$A$3:$AW$699,5,FALSE)="","",VLOOKUP($A8,Sheet1!$A$3:$AW$699,5,FALSE)) -> UINT | J8: System Variable Monitor Filter Time See Description of System Variable Monitoring in the user manual. X: First filter time, see ID113 (P0.054) and ID114 (P0.055) Y, Z, U: Reserved Note: 0 = 1 ms, 1 = 2 ms, 2 = 3 ms, … , F = 16 ms. | K8: 3-General | L8: =IF(VLOOKUP($A8,Sheet1!$A$3:$AW$699,7,FALSE)="★","x","") | M8: =IF(VLOOKUP($A8,Sheet1!$A$3:$AW$699,8,FALSE)="▲","x","") | N8: =IF(VLOOKUP($A8,Sheet1!$A$3:$AW$699,9,FALSE)="●","x","") | O8: =IF(VLOOKUP($A8,Sheet1!$A$3:$AW$699,10,FALSE)="■","x","") | P8: =IF(VLOOKUP($A8,Sheet1!$A$3:$AW$699,2,FALSE)="","",VLOOKUP($A8,Sheet1!$A$3:$AW$699,2,FALSE)) -> P0.053
A9: 113 | B9: =IF(VLOOKUP($A9,Sheet1!$A$3:$AW$699,20,FALSE)="","",VLOOKUP($A9,Sheet1!$A$3:$AW$699,20,FALSE)) -> SystemVariableMonitorLowerLimit | C9: =IF(VLOOKUP($A9,Sheet1!$A$3:$AW$699,25,FALSE)="","",VLOOKUP($A9,Sheet1!$A$3:$AW$699,25,FALSE)) -> All | D9: =IF(VLOOKUP($A9,Sheet1!$A$3:$AW$699,15,FALSE)="","",VLOOKUP($A9,Sheet1!$A$3:$AW$699,15,FALSE)) -> -2147483648 | E9: =IF(VLOOKUP($A9,Sheet1!$A$3:$AW$699,16,FALSE)="","",VLOOKUP($A9,Sheet1!$A$3:$AW$699,16,FALSE)) -> 2147483647 | F9: =IF(VLOOKUP($A9,Sheet1!$A$3:$AW$699,17,FALSE)="","",VLOOKUP($A9,Sheet1!$A$3:$AW$699,17,FALSE)) -> 0 | G9: =IF(VLOOKUP($A9,Sheet1!$A$3:$AW$699,18,FALSE)="","",VLOOKUP($A9,Sheet1!$A$3:$AW$699,18,FALSE)) | H9: =IF(VLOOKUP($A9,Sheet1!$A$3:$AW$699,19,FALSE)="","",VLOOKUP($A9,Sheet1!$A$3:$AW$699,19,FALSE)) | I9: =IF(VLOOKUP($A9,Sheet1!$A$3:$AW$699,5,FALSE)="","",VLOOKUP($A9,Sheet1!$A$3:$AW$699,5,FALSE)) -> DINT | J9: System Variable Monitor Lower Limit Set a Digital_output_x_configuration to [0x2C], then the Digital_output_x is on/off when the ID663 (P0.009) monitoring item value is within/outside the range set by ID113 (P0.054) and ID114 (P0.055), and after the filter time set by ID112 (P0.053.X). | K9: 3-General | L9: =IF(VLOOKUP($A9,Sheet1!$A$3:$AW$699,7,FALSE)="★","x","") | M9: =IF(VLOOKUP($A9,Sheet1!$A$3:$AW$699,8,FALSE)="▲","x","") | N9: =IF(VLOOKUP($A9,Sheet1!$A$3:$AW$699,9,FALSE)="●","x","") | O9: =IF(VLOOKUP($A9,Sheet1!$A$3:$AW$699,10,FALSE)="■","x","") | P9: =IF(VLOOKUP($A9,Sheet1!$A$3:$AW$699,2,FALSE)="","",VLOOKUP($A9,Sheet1!$A$3:$AW$699,2,FALSE)) -> P0.054
A10: 114 | B10: =IF(VLOOKUP($A10,Sheet1!$A$3:$AW$699,20,FALSE)="","",VLOOKUP($A10,Sheet1!$A$3:$AW$699,20,FALSE)) -> SystemVariableMonitorUpperLimit | C10: =IF(VLOOKUP($A10,Sheet1!$A$3:$AW$699,25,FALSE)="","",VLOOKUP($A10,Sheet1!$A$3:$AW$699,25,FALSE)) -> All | D10: =IF(VLOOKUP($A10,Sheet1!$A$3:$AW$699,15,FALSE)="","",VLOOKUP($A10,Sheet1!$A$3:$AW$699,15,FALSE)) -> -2147483648 | E10: =IF(VLOOKUP($A10,Sheet1!$A$3:$AW$699,16,FALSE)="","",VLOOKUP($A10,Sheet1!$A$3:$AW$699,16,FALSE)) -> 2147483647 | F10: =IF(VLOOKUP($A10,Sheet1!$A$3:$AW$699,17,FALSE)="","",VLOOKUP($A10,Sheet1!$A$3:$AW$699,17,FALSE)) -> 0 | G10: =IF(VLOOKUP($A10,Sheet1!$A$3:$AW$699,18,FALSE)="","",VLOOKUP($A10,Sheet1!$A$3:$AW$699,18,FALSE)) | H10: =IF(VLOOKUP($A10,Sheet1!$A$3:$AW$699,19,FALSE)="","",VLOOKUP($A10,Sheet1!$A$3:$AW$699,19,FALSE)) | I10: =IF(VLOOKUP($A10,Sheet1!$A$3:$AW$699,5,FALSE)="","",VLOOKUP($A10,Sheet1!$A$3:$AW$699,5,FALSE)) -> DINT | J10: System Variable Monitor Upper Limit Set a Digital_output_x_configuration to [0x2C], then the Digital_output_x is on/off when the ID663 (P0.009) monitoring item value is within/outside the range set by ID113 (P0.054) and ID114 (P0.055), and after the filter time set by ID112 (P0.053.X). | K10: 3-General | L10: =IF(VLOOKUP($A10,Sheet1!$A$3:$AW$699,7,FALSE)="★","x","") | M10: =IF(VLOOKUP($A10,Sheet1!$A$3:$AW$699,8,FALSE)="▲","x","") | N10: =IF(VLOOKUP($A10,Sheet1!$A$3:$AW$699,9,FALSE)="●","x","") | O10: =IF(VLOOKUP($A10,Sheet1!$A$3:$AW$699,10,FALSE)="■","x","") | P10: =IF(VLOOKUP($A10,Sheet1!$A$3:$AW$699,2,FALSE)="","",VLOOKUP($A10,Sheet1!$A$3:$AW$699,2,FALSE)) -> P0.055
A11: 116 | B11: =IF(VLOOKUP($A11,Sheet1!$A$3:$AW$699,20,FALSE)="","",VLOOKUP($A11,Sheet1!$A$3:$AW$699,20,FALSE)) -> ExternalPulseType | C11: =IF(VLOOKUP($A11,Sheet1!$A$3:$AW$699,25,FALSE)="","",VLOOKUP($A11,Sheet1!$A$3:$AW$699,25,FALSE)) -> PT/IO | D11: =IF(VLOOKUP($A11,Sheet1!$A$3:$AW$699,15,FALSE)="","",VLOOKUP($A11,Sheet1!$A$3:$AW$699,15,FALSE)) -> 0x0000 | E11: =IF(VLOOKUP($A11,Sheet1!$A$3:$AW$699,16,FALSE)="","",VLOOKUP($A11,Sheet1!$A$3:$AW$699,16,FALSE)) -> 0x11F7 | F11: =IF(VLOOKUP($A11,Sheet1!$A$3:$AW$699,17,FALSE)="","",VLOOKUP($A11,Sheet1!$A$3:$AW$699,17,FALSE)) -> 0x1042 | G11: =IF(VLOOKUP($A11,Sheet1!$A$3:$AW$699,18,FALSE)="","",VLOOKUP($A11,Sheet1!$A$3:$AW$699,18,FALSE)) | H11: =IF(VLOOKUP($A11,Sheet1!$A$3:$AW$699,19,FALSE)="","",VLOOKUP($A11,Sheet1!$A$3:$AW$699,19,FALSE)) | I11: =IF(VLOOKUP($A11,Sheet1!$A$3:$AW$699,5,FALSE)="","",VLOOKUP($A11,Sheet1!$A$3:$AW$699,5,FALSE)) -> UINT | J11: External Pulse Input Type Defines the Command Source (X), Logic Type (Z), and Filter Width (UY) of the external pulse. See PT Mode (Position Command with Terminal Block Input) in user manual. See ID116 on the Detailed Definitions Tab | K11: 3-General 13-Pulse Setting | L11: =IF(VLOOKUP($A11,Sheet1!$A$3:$AW$699,7,FALSE)="★","x","") | M11: =IF(VLOOKUP($A11,Sheet1!$A$3:$AW$699,8,FALSE)="▲","x","") -> x | N11: =IF(VLOOKUP($A11,Sheet1!$A$3:$AW$699,9,FALSE)="●","x","") | O11: =IF(VLOOKUP($A11,Sheet1!$A$3:$AW$699,10,FALSE)="■","x","") | P11: =IF(VLOOKUP($A11,Sheet1!$A$3:$AW$699,2,FALSE)="","",VLOOKUP($A11,Sheet1!$A$3:$AW$699,2,FALSE)) -> P1.000
A12: 117 | B12: =IF(VLOOKUP($A12,Sheet1!$A$3:$AW$699,20,FALSE)="","",VLOOKUP($A12,Sheet1!$A$3:$AW$699,20,FALSE)) -> ControlMode | C12: =IF(VLOOKUP($A12,Sheet1!$A$3:$AW$699,25,FALSE)="","",VLOOKUP($A12,Sheet1!$A$3:$AW$699,25,FALSE)) -> All | D12: =IF(VLOOKUP($A12,Sheet1!$A$3:$AW$699,15,FALSE)="","",VLOOKUP($A12,Sheet1!$A$3:$AW$699,15,FALSE)) -> 0x0000 | E12: =IF(VLOOKUP($A12,Sheet1!$A$3:$AW$699,16,FALSE)="","",VLOOKUP($A12,Sheet1!$A$3:$AW$699,16,FALSE)) -> 0x110F | F12: =IF(VLOOKUP($A12,Sheet1!$A$3:$AW$699,17,FALSE)="","",VLOOKUP($A12,Sheet1!$A$3:$AW$699,17,FALSE)) -> 0x0000 | G12: =IF(VLOOKUP($A12,Sheet1!$A$3:$AW$699,18,FALSE)="","",VLOOKUP($A12,Sheet1!$A$3:$AW$699,18,FALSE)) | H12: =IF(VLOOKUP($A12,Sheet1!$A$3:$AW$699,19,FALSE)="","",VLOOKUP($A12,Sheet1!$A$3:$AW$699,19,FALSE)) | I12: =IF(VLOOKUP($A12,Sheet1!$A$3:$AW$699,5,FALSE)="","",VLOOKUP($A12,Sheet1!$A$3:$AW$699,5,FALSE)) -> UINT | J12: Control Mode Sets the operating mode(YX), direction control (Z), and Digital I/O setting control (U). See Select Operation Mode and Direction Control in the user manual. YX: Operating mode 00=PT=Position mode (terminal block input) 01=PR=Position mode (register input) 02=S=Speed mode 03=T=Torque mode 04=Sz=Speed mode (no analog input) 05=Tz=Torque mode (no analog input) 06=PT-S=PT and S dual mode 07=PT-T=PT-T dual mode 08=PR-S=PR and S dual mode 09=PR-T=PR and T dual mode 0A=S-T=S and T dual mode 0B=Reserved 0C=IO mode 0D=PT-PR=PT and PR dual mode 0E=PT-PR-S=PT and PR and S multi-mode 0F=PT-PR-T=PT and PR and T multi-mode Z: Direction control 0=Forward 1=Reverse U: Digital I/O setting control 0=Distributed I/O setting [ID187…ID207 (P2.002…P2.022)] retained after mode change 1=Distributed I/O setting [ID187…ID207 (P2.002…P2.022)] reset after mode change | K12: 3-General 11-System 12-BRK_RegResistor | L12: =IF(VLOOKUP($A12,Sheet1!$A$3:$AW$699,7,FALSE)="★","x","") | M12: =IF(VLOOKUP($A12,Sheet1!$A$3:$AW$699,8,FALSE)="▲","x","") | N12: =IF(VLOOKUP($A12,Sheet1!$A$3:$AW$699,9,FALSE)="●","x","") -> x | O12: =IF(VLOOKUP($A12,Sheet1!$A$3:$AW$699,10,FALSE)="■","x","") | P12: =IF(VLOOKUP($A12,Sheet1!$A$3:$AW$699,2,FALSE)="","",VLOOKUP($A12,Sheet1!$A$3:$AW$699,2,FALSE)) -> P1.001
A13: 118 | B13: =IF(VLOOKUP($A13,Sheet1!$A$3:$AW$699,20,FALSE)="","",VLOOKUP($A13,Sheet1!$A$3:$AW$699,20,FALSE)) -> VelocityTorqueLimitAction | C13: =IF(VLOOKUP($A13,Sheet1!$A$3:$AW$699,25,FALSE)="","",VLOOKUP($A13,Sheet1!$A$3:$AW$699,25,FALSE)) -> All | D13: =IF(VLOOKUP($A13,Sheet1!$A$3:$AW$699,15,FALSE)="","",VLOOKUP($A13,Sheet1!$A$3:$AW$699,15,FALSE)) -> 0x0000 | E13: =IF(VLOOKUP($A13,Sheet1!$A$3:$AW$699,16,FALSE)="","",VLOOKUP($A13,Sheet1!$A$3:$AW$699,16,FALSE)) -> 0x0011 | F13: =IF(VLOOKUP($A13,Sheet1!$A$3:$AW$699,17,FALSE)="","",VLOOKUP($A13,Sheet1!$A$3:$AW$699,17,FALSE)) -> 0x0000 | G13: =IF(VLOOKUP($A13,Sheet1!$A$3:$AW$699,18,FALSE)="","",VLOOKUP($A13,Sheet1!$A$3:$AW$699,18,FALSE)) | H13: =IF(VLOOKUP($A13,Sheet1!$A$3:$AW$699,19,FALSE)="","",VLOOKUP($A13,Sheet1!$A$3:$AW$699,19,FALSE)) | I13: =IF(VLOOKUP($A13,Sheet1!$A$3:$AW$699,5,FALSE)="","",VLOOKUP($A13,Sheet1!$A$3:$AW$699,5,FALSE)) -> UINT | J13: Speed and Torque Limit Action Enables or Disables the speed (X) or torque (Y) limit functions. See Apply Speed Limit and Apply Torque Limit in the user manual. X: Speed limit 0=Disable 1=Enable (in T/Tz mode only) Y: Torque limit 0=Disable 1=Enable U, Z: Reserved | K13: 3-General 16-Limit | L13: =IF(VLOOKUP($A13,Sheet1!$A$3:$AW$699,7,FALSE)="★","x","") | M13: =IF(VLOOKUP($A13,Sheet1!$A$3:$AW$699,8,FALSE)="▲","x","") -> x | N13: =IF(VLOOKUP($A13,Sheet1!$A$3:$AW$699,9,FALSE)="●","x","") | O13: =IF(VLOOKUP($A13,Sheet1!$A$3:$AW$699,10,FALSE)="■","x","") | P13: =IF(VLOOKUP($A13,Sheet1!$A$3:$AW$699,2,FALSE)="","",VLOOKUP($A13,Sheet1!$A$3:$AW$699,2,FALSE)) -> P1.002
A14: 119 | B14: =IF(VLOOKUP($A14,Sheet1!$A$3:$AW$699,20,FALSE)="","",VLOOKUP($A14,Sheet1!$A$3:$AW$699,20,FALSE)) -> EncoderOutputPolarity | C14: =IF(VLOOKUP($A14,Sheet1!$A$3:$AW$699,25,FALSE)="","",VLOOKUP($A14,Sheet1!$A$3:$AW$699,25,FALSE)) -> All | D14: =IF(VLOOKUP($A14,Sheet1!$A$3:$AW$699,15,FALSE)="","",VLOOKUP($A14,Sheet1!$A$3:$AW$699,15,FALSE)) -> 0x0000 | E14: =IF(VLOOKUP($A14,Sheet1!$A$3:$AW$699,16,FALSE)="","",VLOOKUP($A14,Sheet1!$A$3:$AW$699,16,FALSE)) -> 0x0013 | F14: =IF(VLOOKUP($A14,Sheet1!$A$3:$AW$699,17,FALSE)="","",VLOOKUP($A14,Sheet1!$A$3:$AW$699,17,FALSE)) -> 0x0000 | G14: =IF(VLOOKUP($A14,Sheet1!$A$3:$AW$699,18,FALSE)="","",VLOOKUP($A14,Sheet1!$A$3:$AW$699,18,FALSE)) | H14: =IF(VLOOKUP($A14,Sheet1!$A$3:$AW$699,19,FALSE)="","",VLOOKUP($A14,Sheet1!$A$3:$AW$699,19,FALSE)) | I14: =IF(VLOOKUP($A14,Sheet1!$A$3:$AW$699,5,FALSE)="","",VLOOKUP($A14,Sheet1!$A$3:$AW$699,5,FALSE)) -> UINT | J14: Encoder Output Polarity Sets the polarity of the monitor analog output (X) and encoder pulse output (Y). X: Polarity of monitor analog output 0=MON1(+), MON2(+) 1=MON1(+), MON2(-) 2=MON1(-), MON2(+) 3=MON1(-), MON2(-) Y: Polarity of encoder pulse output 0=forward 1=reverse U, Z: Reserved | K14: 3-General 13-Pulse Setting | L14: =IF(VLOOKUP($A14,Sheet1!$A$3:$AW$699,7,FALSE)="★","x","") | M14: =IF(VLOOKUP($A14,Sheet1!$A$3:$AW$699,8,FALSE)="▲","x","") | N14: =IF(VLOOKUP($A14,Sheet1!$A$3:$AW$699,9,FALSE)="●","x","") | O14: =IF(VLOOKUP($A14,Sheet1!$A$3:$AW$699,10,FALSE)="■","x","") | P14: =IF(VLOOKUP($A14,Sheet1!$A$3:$AW$699,2,FALSE)="","",VLOOKUP($A14,Sheet1!$A$3:$AW$699,2,FALSE)) -> P1.003
A15: 120 | B15: =IF(VLOOKUP($A15,Sheet1!$A$3:$AW$699,20,FALSE)="","",VLOOKUP($A15,Sheet1!$A$3:$AW$699,20,FALSE)) -> AnalogOutput1Scale | C15: =IF(VLOOKUP($A15,Sheet1!$A$3:$AW$699,25,FALSE)="","",VLOOKUP($A15,Sheet1!$A$3:$AW$699,25,FALSE)) -> All | D15: =IF(VLOOKUP($A15,Sheet1!$A$3:$AW$699,15,FALSE)="","",VLOOKUP($A15,Sheet1!$A$3:$AW$699,15,FALSE)) -> 0 | E15: =IF(VLOOKUP($A15,Sheet1!$A$3:$AW$699,16,FALSE)="","",VLOOKUP($A15,Sheet1!$A$3:$AW$699,16,FALSE)) -> 100 | F15: =IF(VLOOKUP($A15,Sheet1!$A$3:$AW$699,17,FALSE)="","",VLOOKUP($A15,Sheet1!$A$3:$AW$699,17,FALSE)) -> 100 | G15: =IF(VLOOKUP($A15,Sheet1!$A$3:$AW$699,18,FALSE)="","",VLOOKUP($A15,Sheet1!$A$3:$AW$699,18,FALSE)) | H15: =IF(VLOOKUP($A15,Sheet1!$A$3:$AW$699,19,FALSE)="","",VLOOKUP($A15,Sheet1!$A$3:$AW$699,19,FALSE)) -> % | I15: =IF(VLOOKUP($A15,Sheet1!$A$3:$AW$699,5,FALSE)="","",VLOOKUP($A15,Sheet1!$A$3:$AW$699,5,FALSE)) -> INT | J15: Analog Output 1 Scale See Analog Monitoring in the user manual. | K15: 3-General | L15: =IF(VLOOKUP($A15,Sheet1!$A$3:$AW$699,7,FALSE)="★","x","") | M15: =IF(VLOOKUP($A15,Sheet1!$A$3:$AW$699,8,FALSE)="▲","x","") | N15: =IF(VLOOKUP($A15,Sheet1!$A$3:$AW$699,9,FALSE)="●","x","") | O15: =IF(VLOOKUP($A15,Sheet1!$A$3:$AW$699,10,FALSE)="■","x","") | P15: =IF(VLOOKUP($A15,Sheet1!$A$3:$AW$699,2,FALSE)="","",VLOOKUP($A15,Sheet1!$A$3:$AW$699,2,FALSE)) -> P1.004
A16: 121 | B16: =IF(VLOOKUP($A16,Sheet1!$A$3:$AW$699,20,FALSE)="","",VLOOKUP($A16,Sheet1!$A$3:$AW$699,20,FALSE)) -> AnalogOutput2Scale | C16: =IF(VLOOKUP($A16,Sheet1!$A$3:$AW$699,25,FALSE)="","",VLOOKUP($A16,Sheet1!$A$3:$AW$699,25,FALSE)) -> All | D16: =IF(VLOOKUP($A16,Sheet1!$A$3:$AW$699,15,FALSE)="","",VLOOKUP($A16,Sheet1!$A$3:$AW$699,15,FALSE)) -> 0 | E16: =IF(VLOOKUP($A16,Sheet1!$A$3:$AW$699,16,FALSE)="","",VLOOKUP($A16,Sheet1!$A$3:$AW$699,16,FALSE)) -> 100 | F16: =IF(VLOOKUP($A16,Sheet1!$A$3:$AW$699,17,FALSE)="","",VLOOKUP($A16,Sheet1!$A$3:$AW$699,17,FALSE)) -> 100 | G16: =IF(VLOOKUP($A16,Sheet1!$A$3:$AW$699,18,FALSE)="","",VLOOKUP($A16,Sheet1!$A$3:$AW$699,18,FALSE)) | H16: =IF(VLOOKUP($A16,Sheet1!$A$3:$AW$699,19,FALSE)="","",VLOOKUP($A16,Sheet1!$A$3:$AW$699,19,FALSE)) -> % | I16: =IF(VLOOKUP($A16,Sheet1!$A$3:$AW$699,5,FALSE)="","",VLOOKUP($A16,Sheet1!$A$3:$AW$699,5,FALSE)) -> INT | J16: Analog Output 2 Scale See Analog Monitoring in the user manual. | K16: 3-General | L16: =IF(VLOOKUP($A16,Sheet1!$A$3:$AW$699,7,FALSE)="★","x","") | M16: =IF(VLOOKUP($A16,Sheet1!$A$3:$AW$699,8,FALSE)="▲","x","") | N16: =IF(VLOOKUP($A16,Sheet1!$A$3:$AW$699,9,FALSE)="●","x","") | O16: =IF(VLOOKUP($A16,Sheet1!$A$3:$AW$699,10,FALSE)="■","x","") | P16: =IF(VLOOKUP($A16,Sheet1!$A$3:$AW$699,2,FALSE)="","",VLOOKUP($A16,Sheet1!$A$3:$AW$699,2,FALSE)) -> P1.005
... A101: 686 | B101: =IF(VLOOKUP($A101,Sheet1!$A$3:$AW$699,20,FALSE)="","",VLOOKUP($A101,Sheet1!$A$3:$AW$699,20,FALSE)) -> FullClosedLoopMonitoringConfiguration | C101: =IF(VLOOKUP($A101,Sheet1!$A$3:$AW$699,25,FALSE)="","",VLOOKUP($A101,Sheet1!$A$3:$AW$699,25,FALSE)) -> PR | D101: =IF(VLOOKUP($A101,Sheet1!$A$3:$AW$699,15,FALSE)="","",VLOOKUP($A101,Sheet1!$A$3:$AW$699,15,FALSE)) -> 0x0000 | E101: =IF(VLOOKUP($A101,Sheet1!$A$3:$AW$699,16,FALSE)="","",VLOOKUP($A101,Sheet1!$A$3:$AW$699,16,FALSE)) -> 0x0022 | F101: =IF(VLOOKUP($A101,Sheet1!$A$3:$AW$699,17,FALSE)="","",VLOOKUP($A101,Sheet1!$A$3:$AW$699,17,FALSE)) -> 0x0000 | G101: =IF(VLOOKUP($A101,Sheet1!$A$3:$AW$699,18,FALSE)="","",VLOOKUP($A101,Sheet1!$A$3:$AW$699,18,FALSE)) | H101: =IF(VLOOKUP($A101,Sheet1!$A$3:$AW$699,19,FALSE)="","",VLOOKUP($A101,Sheet1!$A$3:$AW$699,19,FALSE)) | I101: =IF(VLOOKUP($A101,Sheet1!$A$3:$AW$699,5,FALSE)="","",VLOOKUP($A101,Sheet1!$A$3:$AW$699,5,FALSE)) -> UINT | J101: X: Source of feedback position for System Variable 00h monitoring: 0 = MFB; 1 = AUX; 2 = MFB under Non Full Closed Loop mode and AUX under Full Closed Loop mode. Y: Source of Z phase for System Variable 1Bh monitoring: 0 = MFB; 1 = AUX; 2 = MFB under Non Full Closed Loop mode and AUX under Full Closed Loop mode. | K101: 3-General | L101: =IF(VLOOKUP($A101,Sheet1!$A$3:$AW$699,7,FALSE)="★","x","") | M101: =IF(VLOOKUP($A101,Sheet1!$A$3:$AW$699,8,FALSE)="▲","x","") | N101: =IF(VLOOKUP($A101,Sheet1!$A$3:$AW$699,9,FALSE)="●","x","") | O101: =IF(VLOOKUP($A101,Sheet1!$A$3:$AW$699,10,FALSE)="■","x","") | P101: =IF(VLOOKUP($A101,Sheet1!$A$3:$AW$699,2,FALSE)="","",VLOOKUP($A101,Sheet1!$A$3:$AW$699,2,FALSE)) -> P3.013

Sheet 4 - Status Monitor
A1: Kinetix 5100 Servo Drive Parameters For more information see:
A2: Kinetix 5100 Servo Drive User Manual, publication 2198-UM004
A4: ID | B4: Name | C4: Control Mode | D4: Min. | E4: Max. | F4: Default Value | G4: Precision | H4: Units | I4: Data Type | J4: Comments | K4: Groups | L4: Read-only | M4: Set When Servo Off | N4: Valid After Power Cycle | O4: Volatile Parameter | P4: Parameter Number
A5: 55 | B5: =IF(VLOOKUP($A5,Sheet1!$A$3:$AW$699,20,FALSE)="","",VLOOKUP($A5,Sheet1!$A$3:$AW$699,20,FALSE)) -> ParameterMonitor1Value | C5: =IF(VLOOKUP($A5,Sheet1!$A$3:$AW$699,25,FALSE)="","",VLOOKUP($A5,Sheet1!$A$3:$AW$699,25,FALSE)) -> All | D5: =IF(VLOOKUP($A5,Sheet1!$A$3:$AW$699,15,FALSE)="","",VLOOKUP($A5,Sheet1!$A$3:$AW$699,15,FALSE)) -> 0 | E5: =IF(VLOOKUP($A5,Sheet1!$A$3:$AW$699,16,FALSE)="","",VLOOKUP($A5,Sheet1!$A$3:$AW$699,16,FALSE)) -> 0xFFFFFFFF | F5: =IF(VLOOKUP($A5,Sheet1!$A$3:$AW$699,17,FALSE)="","",VLOOKUP($A5,Sheet1!$A$3:$AW$699,17,FALSE)) -> 0 | G5: =IF(VLOOKUP($A5,Sheet1!$A$3:$AW$699,18,FALSE)="","",VLOOKUP($A5,Sheet1!$A$3:$AW$699,18,FALSE)) | H5: =IF(VLOOKUP($A5,Sheet1!$A$3:$AW$699,19,FALSE)="","",VLOOKUP($A5,Sheet1!$A$3:$AW$699,19,FALSE)) | I5: =IF(VLOOKUP($A5,Sheet1!$A$3:$AW$699,5,FALSE)="","",VLOOKUP($A5,Sheet1!$A$3:$AW$699,5,FALSE)) -> UDINT | J5: Parameter Monitor 1 Value ID60 (P0.035) can be used to specify the mapping parameter instance ID number. The content of the parameter that is specified by P0.035 will be shown in ID55 (P0.025). | K5: 4-Status Monitor | L5: =IF(VLOOKUP($A5,Sheet1!$A$3:$AW$699,7,FALSE)="★","x","") -> x | M5: =IF(VLOOKUP($A5,Sheet1!$A$3:$AW$699,8,FALSE)="▲","x","") | N5: =IF(VLOOKUP($A5,Sheet1!$A$3:$AW$699,9,FALSE)="●","x","") | O5: =IF(VLOOKUP($A5,Sheet1!$A$3:$AW$699,10,FALSE)="■","x","") -> x | P5: =IF(VLOOKUP($A5,Sheet1!$A$3:$AW$699,2,FALSE)="","",VLOOKUP($A5,Sheet1!$A$3:$AW$699,2,FALSE)) -> P0.025
A6: 56 | B6: =IF(VLOOKUP($A6,Sheet1!$A$3:$AW$699,20,FALSE)="","",VLOOKUP($A6,Sheet1!$A$3:$AW$699,20,FALSE)) -> ParameterMonitor2Value | C6: =IF(VLOOKUP($A6,Sheet1!$A$3:$AW$699,25,FALSE)="","",VLOOKUP($A6,Sheet1!$A$3:$AW$699,25,FALSE)) -> All | D6: =IF(VLOOKUP($A6,Sheet1!$A$3:$AW$699,15,FALSE)="","",VLOOKUP($A6,Sheet1!$A$3:$AW$699,15,FALSE)) -> 0 | E6: =IF(VLOOKUP($A6,Sheet1!$A$3:$AW$699,16,FALSE)="","",VLOOKUP($A6,Sheet1!$A$3:$AW$699,16,FALSE)) -> 0xFFFFFFFF | F6: =IF(VLOOKUP($A6,Sheet1!$A$3:$AW$699,17,FALSE)="","",VLOOKUP($A6,Sheet1!$A$3:$AW$699,17,FALSE)) -> 0 | G6: =IF(VLOOKUP($A6,Sheet1!$A$3:$AW$699,18,FALSE)="","",VLOOKUP($A6,Sheet1!$A$3:$AW$699,18,FALSE)) | H6: =IF(VLOOKUP($A6,Sheet1!$A$3:$AW$699,19,FALSE)="","",VLOOKUP($A6,Sheet1!$A$3:$AW$699,19,FALSE)) | I6: =IF(VLOOKUP($A6,Sheet1!$A$3:$AW$699,5,FALSE)="","",VLOOKUP($A6,Sheet1!$A$3:$AW$699,5,FALSE)) -> UDINT | J6: Parameter Monitor 2 Value ID61 (P0.036) can be used to specify the mapping parameter instance ID number. The content of the parameter that is specified by P0.036 will be shown in ID56 (P0.026). | K6: 4-Status Monitor | L6: =IF(VLOOKUP($A6,Sheet1!$A$3:$AW$699,7,FALSE)="★","x","") -> x | M6: =IF(VLOOKUP($A6,Sheet1!$A$3:$AW$699,8,FALSE)="▲","x","") | N6: =IF(VLOOKUP($A6,Sheet1!$A$3:$AW$699,9,FALSE)="●","x","") | O6: =IF(VLOOKUP($A6,Sheet1!$A$3:$AW$699,10,FALSE)="■","x","") -> x | P6: =IF(VLOOKUP($A6,Sheet1!$A$3:$AW$699,2,FALSE)="","",VLOOKUP($A6,Sheet1!$A$3:$AW$699,2,FALSE)) -> P0.026
A7: 57 | B7: =IF(VLOOKUP($A7,Sheet1!$A$3:$AW$699,20,FALSE)="","",VLOOKUP($A7,Sheet1!$A$3:$AW$699,20,FALSE)) -> ParameterMonitor3Value | C7: =IF(VLOOKUP($A7,Sheet1!$A$3:$AW$699,25,FALSE)="","",VLOOKUP($A7,Sheet1!$A$3:$AW$699,25,FALSE)) -> All | D7: =IF(VLOOKUP($A7,Sheet1!$A$3:$AW$699,15,FALSE)="","",VLOOKUP($A7,Sheet1!$A$3:$AW$699,15,FALSE)) -> 0 | E7: =IF(VLOOKUP($A7,Sheet1!$A$3:$AW$699,16,FALSE)="","",VLOOKUP($A7,Sheet1!$A$3:$AW$699,16,FALSE)) -> 0xFFFFFFFF | F7: =IF(VLOOKUP($A7,Sheet1!$A$3:$AW$699,17,FALSE)="","",VLOOKUP($A7,Sheet1!$A$3:$AW$699,17,FALSE)) -> 0 | G7: =IF(VLOOKUP($A7,Sheet1!$A$3:$AW$699,18,FALSE)="","",VLOOKUP($A7,Sheet1!$A$3:$AW$699,18,FALSE)) | H7: =IF(VLOOKUP($A7,Sheet1!$A$3:$AW$699,19,FALSE)="","",VLOOKUP($A7,Sheet1!$A$3:$AW$699,19,FALSE)) | I7: =IF(VLOOKUP($A7,Sheet1!$A$3:$AW$699,5,FALSE)="","",VLOOKUP($A7,Sheet1!$A$3:$AW$699,5,FALSE)) -> UDINT | J7: Parameter Monitor 3 Value ID62 (P0.037) can be used to specify the mapping parameter instance ID number. The content of the parameter that is specified by P0.037 will be shown in ID57 (P0.027). | K7: 4-Status Monitor | L7: =IF(VLOOKUP($A7,Sheet1!$A$3:$AW$699,7,FALSE)="★","x","") -> x | M7: =IF(VLOOKUP($A7,Sheet1!$A$3:$AW$699,8,FALSE)="▲","x","") | N7: =IF(VLOOKUP($A7,Sheet1!$A$3:$AW$699,9,FALSE)="●","x","") | O7: =IF(VLOOKUP($A7,Sheet1!$A$3:$AW$699,10,FALSE)="■","x","") -> x | P7: =IF(VLOOKUP($A7,Sheet1!$A$3:$AW$699,2,FALSE)="","",VLOOKUP($A7,Sheet1!$A$3:$AW$699,2,FALSE)) -> P0.027
A8: 58 | B8: =IF(VLOOKUP($A8,Sheet1!$A$3:$AW$699,20,FALSE)="","",VLOOKUP($A8,Sheet1!$A$3:$AW$699,20,FALSE)) -> ParameterMonitor4Value | C8: =IF(VLOOKUP($A8,Sheet1!$A$3:$AW$699,25,FALSE)="","",VLOOKUP($A8,Sheet1!$A$3:$AW$699,25,FALSE)) -> All | D8: =IF(VLOOKUP($A8,Sheet1!$A$3:$AW$699,15,FALSE)="","",VLOOKUP($A8,Sheet1!$A$3:$AW$699,15,FALSE)) -> 0 | E8: =IF(VLOOKUP($A8,Sheet1!$A$3:$AW$699,16,FALSE)="","",VLOOKUP($A8,Sheet1!$A$3:$AW$699,16,FALSE)) -> 0xFFFFFFFF | F8: =IF(VLOOKUP($A8,Sheet1!$A$3:$AW$699,17,FALSE)="","",VLOOKUP($A8,Sheet1!$A$3:$AW$699,17,FALSE)) -> 0 | G8: =IF(VLOOKUP($A8,Sheet1!$A$3:$AW$699,18,FALSE)="","",VLOOKUP($A8,Sheet1!$A$3:$AW$699,18,FALSE)) | H8: =IF(VLOOKUP($A8,Sheet1!$A$3:$AW$699,19,FALSE)="","",VLOOKUP($A8,Sheet1!$A$3:$AW$699,19,FALSE)) | I8: =IF(VLOOKUP($A8,Sheet1!$A$3:$AW$699,5,FALSE)="","",VLOOKUP($A8,Sheet1!$A$3:$AW$699,5,FALSE)) -> UDINT | J8: Parameter Monitor 4 Value ID63 (P0.038) can be used to specify the mapping parameter instance ID number. The content of the parameter that is specified by P0.038 will be shown in ID58 (P0.028). | K8: 4-Status Monitor | L8: =IF(VLOOKUP($A8,Sheet1!$A$3:$AW$699,7,FALSE)="★","x","") -> x | M8: =IF(VLOOKUP($A8,Sheet1!$A$3:$AW$699,8,FALSE)="▲","x","") | N8: =IF(VLOOKUP($A8,Sheet1!$A$3:$AW$699,9,FALSE)="●","x","") | O8: =IF(VLOOKUP($A8,Sheet1!$A$3:$AW$699,10,FALSE)="■","x","") -> x | P8: =IF(VLOOKUP($A8,Sheet1!$A$3:$AW$699,2,FALSE)="","",VLOOKUP($A8,Sheet1!$A$3:$AW$699,2,FALSE)) -> P0.028
A9: 59 | B9: =IF(VLOOKUP($A9,Sheet1!$A$3:$AW$699,20,FALSE)="","",VLOOKUP($A9,Sheet1!$A$3:$AW$699,20,FALSE)) -> ParameterMonitor5Value | C9: =IF(VLOOKUP($A9,Sheet1!$A$3:$AW$699,25,FALSE)="","",VLOOKUP($A9,Sheet1!$A$3:$AW$699,25,FALSE)) -> All | D9: =IF(VLOOKUP($A9,Sheet1!$A$3:$AW$699,15,FALSE)="","",VLOOKUP($A9,Sheet1!$A$3:$AW$699,15,FALSE)) -> 0 | E9: =IF(VLOOKUP($A9,Sheet1!$A$3:$AW$699,16,FALSE)="","",VLOOKUP($A9,Sheet1!$A$3:$AW$699,16,FALSE)) -> 0xFFFFFFFF | F9: =IF(VLOOKUP($A9,Sheet1!$A$3:$AW$699,17,FALSE)="","",VLOOKUP($A9,Sheet1!$A$3:$AW$699,17,FALSE)) -> 0 | G9: =IF(VLOOKUP($A9,Sheet1!$A$3:$AW$699,18,FALSE)="","",VLOOKUP($A9,Sheet1!$A$3:$AW$699,18,FALSE)) | H9: =IF(VLOOKUP($A9,Sheet1!$A$3:$AW$699,19,FALSE)="","",VLOOKUP($A9,Sheet1!$A$3:$AW$699,19,FALSE)) | I9: =IF(VLOOKUP($A9,Sheet1!$A$3:$AW$699,5,FALSE)="","",VLOOKUP($A9,Sheet1!$A$3:$AW$699,5,FALSE)) -> UDINT | J9: Parameter Monitor 5 Value ID64 (P0.039) can be used to specify the mapping parameter instance ID number. The content of the parameter that is specified by P0.039 will be shown in ID59 (P0.029). | K9: 4-Status Monitor | L9: =IF(VLOOKUP($A9,Sheet1!$A$3:$AW$699,7,FALSE)="★","x","") -> x | M9: =IF(VLOOKUP($A9,Sheet1!$A$3:$AW$699,8,FALSE)="▲","x","") | N9: =IF(VLOOKUP($A9,Sheet1!$A$3:$AW$699,9,FALSE)="●","x","") | O9: =IF(VLOOKUP($A9,Sheet1!$A$3:$AW$699,10,FALSE)="■","x","") -> x | P9: =IF(VLOOKUP($A9,Sheet1!$A$3:$AW$699,2,FALSE)="","",VLOOKUP($A9,Sheet1!$A$3:$AW$699,2,FALSE)) -> P0.029
A10: 60 | B10: =IF(VLOOKUP($A10,Sheet1!$A$3:$AW$699,20,FALSE)="","",VLOOKUP($A10,Sheet1!$A$3:$AW$699,20,FALSE)) -> ParameterMonitor1Selection | C10: =IF(VLOOKUP($A10,Sheet1!$A$3:$AW$699,25,FALSE)="","",VLOOKUP($A10,Sheet1!$A$3:$AW$699,25,FALSE)) -> All | D10: =IF(VLOOKUP($A10,Sheet1!$A$3:$AW$699,15,FALSE)="","",VLOOKUP($A10,Sheet1!$A$3:$AW$699,15,FALSE)) -> 1 | E10: =IF(VLOOKUP($A10,Sheet1!$A$3:$AW$699,16,FALSE)="","",VLOOKUP($A10,Sheet1!$A$3:$AW$699,16,FALSE)) -> 687 | F10: =IF(VLOOKUP($A10,Sheet1!$A$3:$AW$699,17,FALSE)="","",VLOOKUP($A10,Sheet1!$A$3:$AW$699,17,FALSE)) -> 1 | G10: =IF(VLOOKUP($A10,Sheet1!$A$3:$AW$699,18,FALSE)="","",VLOOKUP($A10,Sheet1!$A$3:$AW$699,18,FALSE)) | H10: =IF(VLOOKUP($A10,Sheet1!$A$3:$AW$699,19,FALSE)="","",VLOOKUP($A10,Sheet1!$A$3:$AW$699,19,FALSE)) | I10: =IF(VLOOKUP($A10,Sheet1!$A$3:$AW$699,5,FALSE)="","",VLOOKUP($A10,Sheet1!$A$3:$AW$699,5,FALSE)) -> UINT | J10: Parameter Monitor 1 Selection Select mapping parameter instance ID number corresponding to Parameter Monitor 1 Value. See Description of Parameter Monitoring in the user manual. | K10: 4-Status Monitor | L10: =IF(VLOOKUP($A10,Sheet1!$A$3:$AW$699,7,FALSE)="★","x","") | M10: =IF(VLOOKUP($A10,Sheet1!$A$3:$AW$699,8,FALSE)="▲","x","") | N10: =IF(VLOOKUP($A10,Sheet1!$A$3:$AW$699,9,FALSE)="●","x","") | O10: =IF(VLOOKUP($A10,Sheet1!$A$3:$AW$699,10,FALSE)="■","x","") | P10: =IF(VLOOKUP($A10,Sheet1!$A$3:$AW$699,2,FALSE)="","",VLOOKUP($A10,Sheet1!$A$3:$AW$699,2,FALSE)) -> P0.035
A11: 61 | B11: =IF(VLOOKUP($A11,Sheet1!$A$3:$AW$699,20,FALSE)="","",VLOOKUP($A11,Sheet1!$A$3:$AW$699,20,FALSE)) -> ParameterMonitor2Selection | C11: =IF(VLOOKUP($A11,Sheet1!$A$3:$AW$699,25,FALSE)="","",VLOOKUP($A11,Sheet1!$A$3:$AW$699,25,FALSE)) -> All | D11: =IF(VLOOKUP($A11,Sheet1!$A$3:$AW$699,15,FALSE)="","",VLOOKUP($A11,Sheet1!$A$3:$AW$699,15,FALSE)) -> 1 | E11: =IF(VLOOKUP($A11,Sheet1!$A$3:$AW$699,16,FALSE)="","",VLOOKUP($A11,Sheet1!$A$3:$AW$699,16,FALSE)) -> 687 | F11: =IF(VLOOKUP($A11,Sheet1!$A$3:$AW$699,17,FALSE)="","",VLOOKUP($A11,Sheet1!$A$3:$AW$699,17,FALSE)) -> 1 | G11: =IF(VLOOKUP($A11,Sheet1!$A$3:$AW$699,18,FALSE)="","",VLOOKUP($A11,Sheet1!$A$3:$AW$699,18,FALSE)) | H11: =IF(VLOOKUP($A11,Sheet1!$A$3:$AW$699,19,FALSE)="","",VLOOKUP($A11,Sheet1!$A$3:$AW$699,19,FALSE)) | I11: =IF(VLOOKUP($A11,Sheet1!$A$3:$AW$699,5,FALSE)="","",VLOOKUP($A11,Sheet1!$A$3:$AW$699,5,FALSE)) -> UINT | J11: Parameter Monitor 2 Selection Select mapping parameter instance ID number corresponding to Parameter Monitor 2 Value. See Description of Parameter Monitoring in the user manual. | K11: 4-Status Monitor | L11: =IF(VLOOKUP($A11,Sheet1!$A$3:$AW$699,7,FALSE)="★","x","") | M11: =IF(VLOOKUP($A11,Sheet1!$A$3:$AW$699,8,FALSE)="▲","x","") | N11: =IF(VLOOKUP($A11,Sheet1!$A$3:$AW$699,9,FALSE)="●","x","") | O11: =IF(VLOOKUP($A11,Sheet1!$A$3:$AW$699,10,FALSE)="■","x","") | P11: =IF(VLOOKUP($A11,Sheet1!$A$3:$AW$699,2,FALSE)="","",VLOOKUP($A11,Sheet1!$A$3:$AW$699,2,FALSE)) -> P0.036
A12: 62 | B12: =IF(VLOOKUP($A12,Sheet1!$A$3:$AW$699,20,FALSE)="","",VLOOKUP($A12,Sheet1!$A$3:$AW$699,20,FALSE)) -> ParameterMonitor3Selection | C12: =IF(VLOOKUP($A12,Sheet1!$A$3:$AW$699,25,FALSE)="","",VLOOKUP($A12,Sheet1!$A$3:$AW$699,25,FALSE)) -> All | D12: =IF(VLOOKUP($A12,Sheet1!$A$3:$AW$699,15,FALSE)="","",VLOOKUP($A12,Sheet1!$A$3:$AW$699,15,FALSE)) -> 1 | E12: =IF(VLOOKUP($A12,Sheet1!$A$3:$AW$699,16,FALSE)="","",VLOOKUP($A12,Sheet1!$A$3:$AW$699,16,FALSE)) -> 687 | F12: =IF(VLOOKUP($A12,Sheet1!$A$3:$AW$699,17,FALSE)="","",VLOOKUP($A12,Sheet1!$A$3:$AW$699,17,FALSE)) -> 1 | G12: =IF(VLOOKUP($A12,Sheet1!$A$3:$AW$699,18,FALSE)="","",VLOOKUP($A12,Sheet1!$A$3:$AW$699,18,FALSE)) | H12: =IF(VLOOKUP($A12,Sheet1!$A$3:$AW$699,19,FALSE)="","",VLOOKUP($A12,Sheet1!$A$3:$AW$699,19,FALSE)) | I12: =IF(VLOOKUP($A12,Sheet1!$A$3:$AW$699,5,FALSE)="","",VLOOKUP($A12,Sheet1!$A$3:$AW$699,5,FALSE)) -> UINT | J12: Parameter Monitor 3 Selection Select mapping parameter instance ID number corresponding to Parameter Monitor 3 Value. See Description of Parameter Monitoring in the user manual. | K12: 4-Status Monitor | L12: =IF(VLOOKUP($A12,Sheet1!$A$3:$AW$699,7,FALSE)="★","x","") | M12: =IF(VLOOKUP($A12,Sheet1!$A$3:$AW$699,8,FALSE)="▲","x","") | N12: =IF(VLOOKUP($A12,Sheet1!$A$3:$AW$699,9,FALSE)="●","x","") | O12: =IF(VLOOKUP($A12,Sheet1!$A$3:$AW$699,10,FALSE)="■","x","") | P12: =IF(VLOOKUP($A12,Sheet1!$A$3:$AW$699,2,FALSE)="","",VLOOKUP($A12,Sheet1!$A$3:$AW$699,2,FALSE)) -> P0.037
A13: 63 | B13: =IF(VLOOKUP($A13,Sheet1!$A$3:$AW$699,20,FALSE)="","",VLOOKUP($A13,Sheet1!$A$3:$AW$699,20,FALSE)) -> ParameterMonitor4Selection | C13: =IF(VLOOKUP($A13,Sheet1!$A$3:$AW$699,25,FALSE)="","",VLOOKUP($A13,Sheet1!$A$3:$AW$699,25,FALSE)) -> All | D13: =IF(VLOOKUP($A13,Sheet1!$A$3:$AW$699,15,FALSE)="","",VLOOKUP($A13,Sheet1!$A$3:$AW$699,15,FALSE)) -> 1 | E13: =IF(VLOOKUP($A13,Sheet1!$A$3:$AW$699,16,FALSE)="","",VLOOKUP($A13,Sheet1!$A$3:$AW$699,16,FALSE)) -> 687 | F13: =IF(VLOOKUP($A13,Sheet1!$A$3:$AW$699,17,FALSE)="","",VLOOKUP($A13,Sheet1!$A$3:$AW$699,17,FALSE)) -> 1 | G13: =IF(VLOOKUP($A13,Sheet1!$A$3:$AW$699,18,FALSE)="","",VLOOKUP($A13,Sheet1!$A$3:$AW$699,18,FALSE)) | H13: =IF(VLOOKUP($A13,Sheet1!$A$3:$AW$699,19,FALSE)="","",VLOOKUP($A13,Sheet1!$A$3:$AW$699,19,FALSE)) | I13: =IF(VLOOKUP($A13,Sheet1!$A$3:$AW$699,5,FALSE)="","",VLOOKUP($A13,Sheet1!$A$3:$AW$699,5,FALSE)) -> UINT | J13: Parameter Monitor 4 Selection Select mapping parameter instance ID number corresponding to Parameter Monitor 4 Value. See Description of Parameter Monitoring in the user manual. | K13: 4-Status Monitor | L13: =IF(VLOOKUP($A13,Sheet1!$A$3:$AW$699,7,FALSE)="★","x","") | M13: =IF(VLOOKUP($A13,Sheet1!$A$3:$AW$699,8,FALSE)="▲","x","") | N13: =IF(VLOOKUP($A13,Sheet1!$A$3:$AW$699,9,FALSE)="●","x","") | O13: =IF(VLOOKUP($A13,Sheet1!$A$3:$AW$699,10,FALSE)="■","x","") | P13: =IF(VLOOKUP($A13,Sheet1!$A$3:$AW$699,2,FALSE)="","",VLOOKUP($A13,Sheet1!$A$3:$AW$699,2,FALSE)) -> P0.038
A14: 64 | B14: =IF(VLOOKUP($A14,Sheet1!$A$3:$AW$699,20,FALSE)="","",VLOOKUP($A14,Sheet1!$A$3:$AW$699,20,FALSE)) -> ParameterMonitor5Selection | C14: =IF(VLOOKUP($A14,Sheet1!$A$3:$AW$699,25,FALSE)="","",VLOOKUP($A14,Sheet1!$A$3:$AW$699,25,FALSE)) -> All | D14: =IF(VLOOKUP($A14,Sheet1!$A$3:$AW$699,15,FALSE)="","",VLOOKUP($A14,Sheet1!$A$3:$AW$699,15,FALSE)) -> 1 | E14: =IF(VLOOKUP($A14,Sheet1!$A$3:$AW$699,16,FALSE)="","",VLOOKUP($A14,Sheet1!$A$3:$AW$699,16,FALSE)) -> 687 | F14: =IF(VLOOKUP($A14,Sheet1!$A$3:$AW$699,17,FALSE)="","",VLOOKUP($A14,Sheet1!$A$3:$AW$699,17,FALSE)) -> 1 | G14: =IF(VLOOKUP($A14,Sheet1!$A$3:$AW$699,18,FALSE)="","",VLOOKUP($A14,Sheet1!$A$3:$AW$699,18,FALSE)) | H14: =IF(VLOOKUP($A14,Sheet1!$A$3:$AW$699,19,FALSE)="","",VLOOKUP($A14,Sheet1!$A$3:$AW$699,19,FALSE)) | I14: =IF(VLOOKUP($A14,Sheet1!$A$3:$AW$699,5,FALSE)="","",VLOOKUP($A14,Sheet1!$A$3:$AW$699,5,FALSE)) -> UINT | J14: Parameter Monitor 5 Selection Select mapping parameter instance ID number corresponding to Parameter Monitor 5 Value. See Description of Parameter Monitoring in the user manual. | K14: 4-Status Monitor | L14: =IF(VLOOKUP($A14,Sheet1!$A$3:$AW$699,7,FALSE)="★","x","") | M14: =IF(VLOOKUP($A14,Sheet1!$A$3:$AW$699,8,FALSE)="▲","x","") | N14: =IF(VLOOKUP($A14,Sheet1!$A$3:$AW$699,9,FALSE)="●","x","") | O14: =IF(VLOOKUP($A14,Sheet1!$A$3:$AW$699,10,FALSE)="■","x","") | P14: =IF(VLOOKUP($A14,Sheet1!$A$3:$AW$699,2,FALSE)="","",VLOOKUP($A14,Sheet1!$A$3:$AW$699,2,FALSE)) -> P0.039
A15: 102 | B15: =IF(VLOOKUP($A15,Sheet1!$A$3:$AW$699,20,FALSE)="","",VLOOKUP($A15,Sheet1!$A$3:$AW$699,20,FALSE)) -> LEDMonitorSelection | C15: =IF(VLOOKUP($A15,Sheet1!$A$3:$AW$699,25,FALSE)="","",VLOOKUP($A15,Sheet1!$A$3:$AW$699,25,FALSE)) -> All | D15: =IF(VLOOKUP($A15,Sheet1!$A$3:$AW$699,15,FALSE)="","",VLOOKUP($A15,Sheet1!$A$3:$AW$699,15,FALSE)) -> -300 | E15: =IF(VLOOKUP($A15,Sheet1!$A$3:$AW$699,16,FALSE)="","",VLOOKUP($A15,Sheet1!$A$3:$AW$699,16,FALSE)) -> 127 | F15: =IF(VLOOKUP($A15,Sheet1!$A$3:$AW$699,17,FALSE)="","",VLOOKUP($A15,Sheet1!$A$3:$AW$699,17,FALSE)) -> 1 | G15: =IF(VLOOKUP($A15,Sheet1!$A$3:$AW$699,18,FALSE)="","",VLOOKUP($A15,Sheet1!$A$3:$AW$699,18,FALSE)) | H15: =IF(VLOOKUP($A15,Sheet1!$A$3:$AW$699,19,FALSE)="","",VLOOKUP($A15,Sheet1!$A$3:$AW$699,19,FALSE)) | I15: =IF(VLOOKUP($A15,Sheet1!$A$3:$AW$699,5,FALSE)="","",VLOOKUP($A15,Sheet1!$A$3:$AW$699,5,FALSE)) -> INT | J15: LED Monitor Selection Reserved for future release | K15: 4-Status Monitor | L15: =IF(VLOOKUP($A15,Sheet1!$A$3:$AW$699,7,FALSE)="★","x","") | M15: =IF(VLOOKUP($A15,Sheet1!$A$3:$AW$699,8,FALSE)="▲","x","") | N15: =IF(VLOOKUP($A15,Sheet1!$A$3:$AW$699,9,FALSE)="●","x","") | O15: =IF(VLOOKUP($A15,Sheet1!$A$3:$AW$699,10,FALSE)="■","x","") | P15: =IF(VLOOKUP($A15,Sheet1!$A$3:$AW$699,2,FALSE)="","",VLOOKUP($A15,Sheet1!$A$3:$AW$699,2,FALSE)) -> P0.002
A16: 107 | B16: =IF(VLOOKUP($A16,Sheet1!$A$3:$AW$699,20,FALSE)="","",VLOOKUP($A16,Sheet1!$A$3:$AW$699,20,FALSE)) -> ServoOutputStatus | C16: =IF(VLOOKUP($A16,Sheet1!$A$3:$AW$699,25,FALSE)="","",VLOOKUP($A16,Sheet1!$A$3:$AW$699,25,FALSE)) -> All | D16: =IF(VLOOKUP($A16,Sheet1!$A$3:$AW$699,15,FALSE)="","",VLOOKUP($A16,Sheet1!$A$3:$AW$699,15,FALSE)) -> 0x0000 | E16: =IF(VLOOKUP($A16,Sheet1!$A$3:$AW$699,16,FALSE)="","",VLOOKUP($A16,Sheet1!$A$3:$AW$699,16,FALSE)) -> 0x0FFF | F16: =IF(VLOOKUP($A16,Sheet1!$A$3:$AW$699,17,FALSE)="","",VLOOKUP($A16,Sheet1!$A$3:$AW$699,17,FALSE)) -> 0x0000 | G16: =IF(VLOOKUP($A16,Sheet1!$A$3:$AW$699,18,FALSE)="","",VLOOKUP($A16,Sheet1!$A$3:$AW$699,18,FALSE)) | H16: =IF(VLOOKUP($A16,Sheet1!$A$3:$AW$699,19,FALSE)="","",VLOOKUP($A16,Sheet1!$A$3:$AW$699,19,FALSE)) | I16: =IF(VLOOKUP($A16,Sheet1!$A$3:$AW$699,5,FALSE)="","",VLOOKUP($A16,Sheet1!$A$3:$AW$699,5,FALSE)) -> UINT | J16: Servo Output Status Bit 0=SRDY (servo ready) Bit 1=SON (servo on) Bit 2=ZSPD (zero speed) Bit 3=TSPD (target speed reached) Bit 4=TPOS (target position reached) Bit 5=TQL (torque limit activated) Bit 6=ALRM (servo alarm) Bit 7=BRKR (magnetic brake control output) Bit 8=HOME (homing completed) Bit 9=OLW (overload warning) Bit 10=WARN (servo warning) Bit 11=At Home Bits12…15=Reserved | K16: 4-Status Monitor | L16: =IF(VLOOKUP($A16,Sheet1!$A$3:$AW$699,7,FALSE)="★","x","") -> x | M16: =IF(VLOOKUP($A16,Sheet1!$A$3:$AW$699,8,FALSE)="▲","x","") | N16: =IF(VLOOKUP($A16,Sheet1!$A$3:$AW$699,9,FALSE)="●","x","") | O16: =IF(VLOOKUP($A16,Sheet1!$A$3:$AW$699,10,FALSE)="■","x","") -> x | P16: =IF(VLOOKUP($A16,Sheet1!$A$3:$AW$699,2,FALSE)="","",VLOOKUP($A16,Sheet1!$A$3:$AW$699,2,FALSE)) -> P0.046
... A29: 672 | B29: =IF(VLOOKUP($A29,Sheet1!$A$3:$AW$699,20,FALSE)="","",VLOOKUP($A29,Sheet1!$A$3:$AW$699,20,FALSE)) -> SystemVariableMonitor5Selection | C29: =IF(VLOOKUP($A29,Sheet1!$A$3:$AW$699,25,FALSE)="","",VLOOKUP($A29,Sheet1!$A$3:$AW$699,25,FALSE)) -> All | D29: =IF(VLOOKUP($A29,Sheet1!$A$3:$AW$699,15,FALSE)="","",VLOOKUP($A29,Sheet1!$A$3:$AW$699,15,FALSE)) -> -300 | E29: =IF(VLOOKUP($A29,Sheet1!$A$3:$AW$699,16,FALSE)="","",VLOOKUP($A29,Sheet1!$A$3:$AW$699,16,FALSE)) -> 127 | F29: =IF(VLOOKUP($A29,Sheet1!$A$3:$AW$699,17,FALSE)="","",VLOOKUP($A29,Sheet1!$A$3:$AW$699,17,FALSE)) -> 0 | G29: =IF(VLOOKUP($A29,Sheet1!$A$3:$AW$699,18,FALSE)="","",VLOOKUP($A29,Sheet1!$A$3:$AW$699,18,FALSE)) | H29: =IF(VLOOKUP($A29,Sheet1!$A$3:$AW$699,19,FALSE)="","",VLOOKUP($A29,Sheet1!$A$3:$AW$699,19,FALSE)) | I29: =IF(VLOOKUP($A29,Sheet1!$A$3:$AW$699,5,FALSE)="","",VLOOKUP($A29,Sheet1!$A$3:$AW$699,5,FALSE)) -> INT | J29: System Variable Monitor 5 Selection Selects the content displayed by the System Variable Monitor 5 Value See Description of System Variable Monitoring in the user manual. | K29: 4-Status Monitor | L29: =IF(VLOOKUP($A29,Sheet1!$A$3:$AW$699,7,FALSE)="★","x","") | M29: =IF(VLOOKUP($A29,Sheet1!$A$3:$AW$699,8,FALSE)="▲","x","") | N29: =IF(VLOOKUP($A29,Sheet1!$A$3:$AW$699,9,FALSE)="●","x","") | O29: =IF(VLOOKUP($A29,Sheet1!$A$3:$AW$699,10,FALSE)="■","x","") | P29: =IF(VLOOKUP($A29,Sheet1!$A$3:$AW$699,2,FALSE)="","",VLOOKUP($A29,Sheet1!$A$3:$AW$699,2,FALSE)) -> P0.021

Sheet 5 - Control
A1: Kinetix 5100 Servo Drive Parameters For more information see:
A2: Kinetix 5100 Servo Drive User Manual, publication 2198-UM004
A4: ID | B4: Name | C4: Control Mode | D4: Min. | E4: Max. | F4: Default Value | G4: Precision | H4: Units | I4: Data Type | J4: Comments | K4: Groups | L4: Read-only | M4: Set When Servo Off | N4: Valid After Power Cycle | O4: Volatile Parameter | P4: Parameter Number
A5: 122 | B5: =IF(VLOOKUP($A5,Sheet1!$A$3:$AW$699,20,FALSE)="","",VLOOKUP($A5,Sheet1!$A$3:$AW$699,20,FALSE)) -> VelocityCmdLowPassFilterTime | C5: =IF(VLOOKUP($A5,Sheet1!$A$3:$AW$699,25,FALSE)="","",VLOOKUP($A5,Sheet1!$A$3:$AW$699,25,FALSE)) -> S/Sz/IO | D5: =IF(VLOOKUP($A5,Sheet1!$A$3:$AW$699,15,FALSE)="","",VLOOKUP($A5,Sheet1!$A$3:$AW$699,15,FALSE)) -> 0 | E5: =IF(VLOOKUP($A5,Sheet1!$A$3:$AW$699,16,FALSE)="","",VLOOKUP($A5,Sheet1!$A$3:$AW$699,16,FALSE)) -> 1000 | F5: =IF(VLOOKUP($A5,Sheet1!$A$3:$AW$699,17,FALSE)="","",VLOOKUP($A5,Sheet1!$A$3:$AW$699,17,FALSE)) -> 0 | G5: =IF(VLOOKUP($A5,Sheet1!$A$3:$AW$699,18,FALSE)="","",VLOOKUP($A5,Sheet1!$A$3:$AW$699,18,FALSE)) | H5: =IF(VLOOKUP($A5,Sheet1!$A$3:$AW$699,19,FALSE)="","",VLOOKUP($A5,Sheet1!$A$3:$AW$699,19,FALSE)) -> ms | I5: =IF(VLOOKUP($A5,Sheet1!$A$3:$AW$699,5,FALSE)="","",VLOOKUP($A5,Sheet1!$A$3:$AW$699,5,FALSE)) -> INT | J5: r | K5: 5-Control 15-Filter | L5: =IF(VLOOKUP($A5,Sheet1!$A$3:$AW$699,7,FALSE)="★","x","") | M5: =IF(VLOOKUP($A5,Sheet1!$A$3:$AW$699,8,FALSE)="▲","x","") | N5: =IF(VLOOKUP($A5,Sheet1!$A$3:$AW$699,9,FALSE)="●","x","") | O5: =IF(VLOOKUP($A5,Sheet1!$A$3:$AW$699,10,FALSE)="■","x","") | P5: =IF(VLOOKUP($A5,Sheet1!$A$3:$AW$699,2,FALSE)="","",VLOOKUP($A5,Sheet1!$A$3:$AW$699,2,FALSE)) -> P1.006
A6: 123 | B6: =IF(VLOOKUP($A6,Sheet1!$A$3:$AW$699,20,FALSE)="","",VLOOKUP($A6,Sheet1!$A$3:$AW$699,20,FALSE)) -> TorqueCmdLowPassFilterTime | C6: =IF(VLOOKUP($A6,Sheet1!$A$3:$AW$699,25,FALSE)="","",VLOOKUP($A6,Sheet1!$A$3:$AW$699,25,FALSE)) -> T/Tz/IO | D6: =IF(VLOOKUP($A6,Sheet1!$A$3:$AW$699,15,FALSE)="","",VLOOKUP($A6,Sheet1!$A$3:$AW$699,15,FALSE)) -> 0 | E6: =IF(VLOOKUP($A6,Sheet1!$A$3:$AW$699,16,FALSE)="","",VLOOKUP($A6,Sheet1!$A$3:$AW$699,16,FALSE)) -> 1000 | F6: =IF(VLOOKUP($A6,Sheet1!$A$3:$AW$699,17,FALSE)="","",VLOOKUP($A6,Sheet1!$A$3:$AW$699,17,FALSE)) -> 0 | G6: =IF(VLOOKUP($A6,Sheet1!$A$3:$AW$699,18,FALSE)="","",VLOOKUP($A6,Sheet1!$A$3:$AW$699,18,FALSE)) | H6: =IF(VLOOKUP($A6,Sheet1!$A$3:$AW$699,19,FALSE)="","",VLOOKUP($A6,Sheet1!$A$3:$AW$699,19,FALSE)) -> ms | I6: =IF(VLOOKUP($A6,Sheet1!$A$3:$AW$699,5,FALSE)="","",VLOOKUP($A6,Sheet1!$A$3:$AW$699,5,FALSE)) -> INT | J6: Torque Command Low Pass Filter Time Constant Setting this parameter to 0 disables this function. | K6: 5-Control 15-Filter | L6: =IF(VLOOKUP($A6,Sheet1!$A$3:$AW$699,7,FALSE)="★","x","") | M6: =IF(VLOOKUP($A6,Sheet1!$A$3:$AW$699,8,FALSE)="▲","x","") | N6: =IF(VLOOKUP($A6,Sheet1!$A$3:$AW$699,9,FALSE)="●","x","") | O6: =IF(VLOOKUP($A6,Sheet1!$A$3:$AW$699,10,FALSE)="■","x","") | P6: =IF(VLOOKUP($A6,Sheet1!$A$3:$AW$699,2,FALSE)="","",VLOOKUP($A6,Sheet1!$A$3:$AW$699,2,FALSE)) -> P1.007
A7: 124 | B7: =IF(VLOOKUP($A7,Sheet1!$A$3:$AW$699,20,FALSE)="","",VLOOKUP($A7,Sheet1!$A$3:$AW$699,20,FALSE)) -> PositionCmdLowPassFilterTime | C7: =IF(VLOOKUP($A7,Sheet1!$A$3:$AW$699,25,FALSE)="","",VLOOKUP($A7,Sheet1!$A$3:$AW$699,25,FALSE)) -> PT/PR/IO | D7: =IF(VLOOKUP($A7,Sheet1!$A$3:$AW$699,15,FALSE)="","",VLOOKUP($A7,Sheet1!$A$3:$AW$699,15,FALSE)) -> 0 | E7: =IF(VLOOKUP($A7,Sheet1!$A$3:$AW$699,16,FALSE)="","",VLOOKUP($A7,Sheet1!$A$3:$AW$699,16,FALSE)) -> 1000 | F7: =IF(VLOOKUP($A7,Sheet1!$A$3:$AW$699,17,FALSE)="","",VLOOKUP($A7,Sheet1!$A$3:$AW$699,17,FALSE)) -> 0 | G7: =IF(VLOOKUP($A7,Sheet1!$A$3:$AW$699,18,FALSE)="","",VLOOKUP($A7,Sheet1!$A$3:$AW$699,18,FALSE)) | H7: =IF(VLOOKUP($A7,Sheet1!$A$3:$AW$699,19,FALSE)="","",VLOOKUP($A7,Sheet1!$A$3:$AW$699,19,FALSE)) -> 10ms | I7: =IF(VLOOKUP($A7,Sheet1!$A$3:$AW$699,5,FALSE)="","",VLOOKUP($A7,Sheet1!$A$3:$AW$699,5,FALSE)) -> INT | J7: Position Command Low Pass Filter Time Constant Setting this parameter to 0 disables this function. | K7: 5-Control 15-Filter 20-Tuning | L7: =IF(VLOOKUP($A7,Sheet1!$A$3:$AW$699,7,FALSE)="★","x","") | M7: =IF(VLOOKUP($A7,Sheet1!$A$3:$AW$699,8,FALSE)="▲","x","") | N7: =IF(VLOOKUP($A7,Sheet1!$A$3:$AW$699,9,FALSE)="●","x","") | O7: =IF(VLOOKUP($A7,Sheet1!$A$3:$AW$699,10,FALSE)="■","x","") | P7: =IF(VLOOKUP($A7,Sheet1!$A$3:$AW$699,2,FALSE)="","",VLOOKUP($A7,Sheet1!$A$3:$AW$699,2,FALSE)) -> P1.008
A8: 135 | B8: =IF(VLOOKUP($A8,Sheet1!$A$3:$AW$699,20,FALSE)="","",VLOOKUP($A8,Sheet1!$A$3:$AW$699,20,FALSE)) -> LowFreqVibrationSuppression1Frequency | C8: =IF(VLOOKUP($A8,Sheet1!$A$3:$AW$699,25,FALSE)="","",VLOOKUP($A8,Sheet1!$A$3:$AW$699,25,FALSE)) -> PT/PR/IO | D8: =IF(VLOOKUP($A8,Sheet1!$A$3:$AW$699,15,FALSE)="","",VLOOKUP($A8,Sheet1!$A$3:$AW$699,15,FALSE)) -> 10 | E8: =IF(VLOOKUP($A8,Sheet1!$A$3:$AW$699,16,FALSE)="","",VLOOKUP($A8,Sheet1!$A$3:$AW$699,16,FALSE)) -> 1000 | F8: =IF(VLOOKUP($A8,Sheet1!$A$3:$AW$699,17,FALSE)="","",VLOOKUP($A8,Sheet1!$A$3:$AW$699,17,FALSE)) -> 1000 | G8: =IF(VLOOKUP($A8,Sheet1!$A$3:$AW$699,18,FALSE)="","",VLOOKUP($A8,Sheet1!$A$3:$AW$699,18,FALSE)) -> 0.1 | H8: =IF(VLOOKUP($A8,Sheet1!$A$3:$AW$699,19,FALSE)="","",VLOOKUP($A8,Sheet1!$A$3:$AW$699,19,FALSE)) -> Hz | I8: =IF(VLOOKUP($A8,Sheet1!$A$3:$AW$699,5,FALSE)="","",VLOOKUP($A8,Sheet1!$A$3:$AW$699,5,FALSE)) -> INT | J8: Low-frequency Vibration Suppression 1 Frequency Sets the value of the first low-frequency vibration suppression frequency. When ID136 (P1.026) is set to 0, this function is disabled. | K8: 5-Control | L8: =IF(VLOOKUP($A8,Sheet1!$A$3:$AW$699,7,FALSE)="★","x","") | M8: =IF(VLOOKUP($A8,Sheet1!$A$3:$AW$699,8,FALSE)="▲","x","") | N8: =IF(VLOOKUP($A8,Sheet1!$A$3:$AW$699,9,FALSE)="●","x","") | O8: =IF(VLOOKUP($A8,Sheet1!$A$3:$AW$699,10,FALSE)="■","x","") | P8: =IF(VLOOKUP($A8,Sheet1!$A$3:$AW$699,2,FALSE)="","",VLOOKUP($A8,Sheet1!$A$3:$AW$699,2,FALSE)) -> P1.025
A9: 136 | B9: =IF(VLOOKUP($A9,Sheet1!$A$3:$AW$699,20,FALSE)="","",VLOOKUP($A9,Sheet1!$A$3:$AW$699,20,FALSE)) -> LowFreqVibrationSuppression1Gain | C9: =IF(VLOOKUP($A9,Sheet1!$A$3:$AW$699,25,FALSE)="","",VLOOKUP($A9,Sheet1!$A$3:$AW$699,25,FALSE)) -> PT/PR/IO | D9: =IF(VLOOKUP($A9,Sheet1!$A$3:$AW$699,15,FALSE)="","",VLOOKUP($A9,Sheet1!$A$3:$AW$699,15,FALSE)) -> 0 | E9: =IF(VLOOKUP($A9,Sheet1!$A$3:$AW$699,16,FALSE)="","",VLOOKUP($A9,Sheet1!$A$3:$AW$699,16,FALSE)) -> 9 | F9: =IF(VLOOKUP($A9,Sheet1!$A$3:$AW$699,17,FALSE)="","",VLOOKUP($A9,Sheet1!$A$3:$AW$699,17,FALSE)) -> 0 | G9: =IF(VLOOKUP($A9,Sheet1!$A$3:$AW$699,18,FALSE)="","",VLOOKUP($A9,Sheet1!$A$3:$AW$699,18,FALSE)) | H9: =IF(VLOOKUP($A9,Sheet1!$A$3:$AW$699,19,FALSE)="","",VLOOKUP($A9,Sheet1!$A$3:$AW$699,19,FALSE)) | I9: =IF(VLOOKUP($A9,Sheet1!$A$3:$AW$699,5,FALSE)="","",VLOOKUP($A9,Sheet1!$A$3:$AW$699,5,FALSE)) -> INT | J9: Low-frequency Vibration Suppression 1 Gain Setting this parameter to 0 disables the first low-frequency vibration suppression filter. When setting the gain of the first low-frequency vibration suppression, increasing the setting value can improve the position response, but if the value is set too high, the motor may not operate smoothly. The recommended value is 1. | K9: 5-Control | L9: =IF(VLOOKUP($A9,Sheet1!$A$3:$AW$699,7,FALSE)="★","x","") | M9: =IF(VLOOKUP($A9,Sheet1!$A$3:$AW$699,8,FALSE)="▲","x","") | N9: =IF(VLOOKUP($A9,Sheet1!$A$3:$AW$699,9,FALSE)="●","x","") | O9: =IF(VLOOKUP($A9,Sheet1!$A$3:$AW$699,10,FALSE)="■","x","") | P9: =IF(VLOOKUP($A9,Sheet1!$A$3:$AW$699,2,FALSE)="","",VLOOKUP($A9,Sheet1!$A$3:$AW$699,2,FALSE)) -> P1.026
A10: 137 | B10: =IF(VLOOKUP($A10,Sheet1!$A$3:$AW$699,20,FALSE)="","",VLOOKUP($A10,Sheet1!$A$3:$AW$699,20,FALSE)) -> LowFreqVibrationSuppression2Frequency | C10: =IF(VLOOKUP($A10,Sheet1!$A$3:$AW$699,25,FALSE)="","",VLOOKUP($A10,Sheet1!$A$3:$AW$699,25,FALSE)) -> PT/PR/IO | D10: =IF(VLOOKUP($A10,Sheet1!$A$3:$AW$699,15,FALSE)="","",VLOOKUP($A10,Sheet1!$A$3:$AW$699,15,FALSE)) -> 10 | E10: =IF(VLOOKUP($A10,Sheet1!$A$3:$AW$699,16,FALSE)="","",VLOOKUP($A10,Sheet1!$A$3:$AW$699,16,FALSE)) -> 1000 | F10: =IF(VLOOKUP($A10,Sheet1!$A$3:$AW$699,17,FALSE)="","",VLOOKUP($A10,Sheet1!$A$3:$AW$699,17,FALSE)) -> 1000 | G10: =IF(VLOOKUP($A10,Sheet1!$A$3:$AW$699,18,FALSE)="","",VLOOKUP($A10,Sheet1!$A$3:$AW$699,18,FALSE)) -> 0.1 | H10: =IF(VLOOKUP($A10,Sheet1!$A$3:$AW$699,19,FALSE)="","",VLOOKUP($A10,Sheet1!$A$3:$AW$699,19,FALSE)) -> Hz | I10: =IF(VLOOKUP($A10,Sheet1!$A$3:$AW$699,5,FALSE)="","",VLOOKUP($A10,Sheet1!$A$3:$AW$699,5,FALSE)) -> INT | J10: Low-frequency Vibration Suppression 2 Frequency Sets the value of the second low-frequency vibration suppression frequency. When ID138 (P1.028) is set to 0, this function is disabled. | K10: 5-Control | L10: =IF(VLOOKUP($A10,Sheet1!$A$3:$AW$699,7,FALSE)="★","x","") | M10: =IF(VLOOKUP($A10,Sheet1!$A$3:$AW$699,8,FALSE)="▲","x","") | N10: =IF(VLOOKUP($A10,Sheet1!$A$3:$AW$699,9,FALSE)="●","x","") | O10: =IF(VLOOKUP($A10,Sheet1!$A$3:$AW$699,10,FALSE)="■","x","") | P10: =IF(VLOOKUP($A10,Sheet1!$A$3:$AW$699,2,FALSE)="","",VLOOKUP($A10,Sheet1!$A$3:$AW$699,2,FALSE)) -> P1.027
A11: 138 | B11: =IF(VLOOKUP($A11,Sheet1!$A$3:$AW$699,20,FALSE)="","",VLOOKUP($A11,Sheet1!$A$3:$AW$699,20,FALSE)) -> LowFreqVibrationSuppression2Gain | C11: =IF(VLOOKUP($A11,Sheet1!$A$3:$AW$699,25,FALSE)="","",VLOOKUP($A11,Sheet1!$A$3:$AW$699,25,FALSE)) -> PT/PR/IO | D11: =IF(VLOOKUP($A11,Sheet1!$A$3:$AW$699,15,FALSE)="","",VLOOKUP($A11,Sheet1!$A$3:$AW$699,15,FALSE)) -> 0 | E11: =IF(VLOOKUP($A11,Sheet1!$A$3:$AW$699,16,FALSE)="","",VLOOKUP($A11,Sheet1!$A$3:$AW$699,16,FALSE)) -> 9 | F11: =IF(VLOOKUP($A11,Sheet1!$A$3:$AW$699,17,FALSE)="","",VLOOKUP($A11,Sheet1!$A$3:$AW$699,17,FALSE)) -> 0 | G11: =IF(VLOOKUP($A11,Sheet1!$A$3:$AW$699,18,FALSE)="","",VLOOKUP($A11,Sheet1!$A$3:$AW$699,18,FALSE)) | H11: =IF(VLOOKUP($A11,Sheet1!$A$3:$AW$699,19,FALSE)="","",VLOOKUP($A11,Sheet1!$A$3:$AW$699,19,FALSE)) | I11: =IF(VLOOKUP($A11,Sheet1!$A$3:$AW$699,5,FALSE)="","",VLOOKUP($A11,Sheet1!$A$3:$AW$699,5,FALSE)) -> INT | J11: Low-frequency Vibration Suppression 2 Gain Setting this parameter to 0 disables the second low-frequency vibration suppression filter. When setting the gain of the second low-frequency vibration suppression, increasing the setting value can improve the position response, but if the value is set too high, the motor may not operate smoothly. The recommended value is 1. | K11: 5-Control | L11: =IF(VLOOKUP($A11,Sheet1!$A$3:$AW$699,7,FALSE)="★","x","") | M11: =IF(VLOOKUP($A11,Sheet1!$A$3:$AW$699,8,FALSE)="▲","x","") | N11: =IF(VLOOKUP($A11,Sheet1!$A$3:$AW$699,9,FALSE)="●","x","") | O11: =IF(VLOOKUP($A11,Sheet1!$A$3:$AW$699,10,FALSE)="■","x","") | P11: =IF(VLOOKUP($A11,Sheet1!$A$3:$AW$699,2,FALSE)="","",VLOOKUP($A11,Sheet1!$A$3:$AW$699,2,FALSE)) -> P1.028
A12: 141 | B12: =IF(VLOOKUP($A12,Sheet1!$A$3:$AW$699,20,FALSE)="","",VLOOKUP($A12,Sheet1!$A$3:$AW$699,20,FALSE)) -> SCurveAccelTime | C12: =IF(VLOOKUP($A12,Sheet1!$A$3:$AW$699,25,FALSE)="","",VLOOKUP($A12,Sheet1!$A$3:$AW$699,25,FALSE)) -> S/Sz/IO | D12: =IF(VLOOKUP($A12,Sheet1!$A$3:$AW$699,15,FALSE)="","",VLOOKUP($A12,Sheet1!$A$3:$AW$699,15,FALSE)) -> 1 | E12: =IF(VLOOKUP($A12,Sheet1!$A$3:$AW$699,16,FALSE)="","",VLOOKUP($A12,Sheet1!$A$3:$AW$699,16,FALSE)) -> 65500 | F12: =IF(VLOOKUP($A12,Sheet1!$A$3:$AW$699,17,FALSE)="","",VLOOKUP($A12,Sheet1!$A$3:$AW$699,17,FALSE)) -> 200 | G12: =IF(VLOOKUP($A12,Sheet1!$A$3:$AW$699,18,FALSE)="","",VLOOKUP($A12,Sheet1!$A$3:$AW$699,18,FALSE)) | H12: =IF(VLOOKUP($A12,Sheet1!$A$3:$AW$699,19,FALSE)="","",VLOOKUP($A12,Sheet1!$A$3:$AW$699,19,FALSE)) -> ms | I12: =IF(VLOOKUP($A12,Sheet1!$A$3:$AW$699,5,FALSE)="","",VLOOKUP($A12,Sheet1!$A$3:$AW$699,5,FALSE)) -> UINT | J12: Acceleration Time Constant of S-Curve Velocity Profile See S-curve Filter (Speed Mode) in the user manual. | K12: 5-Control 15-Filter 20-Tuning | L12: =IF(VLOOKUP($A12,Sheet1!$A$3:$AW$699,7,FALSE)="★","x","") | M12: =IF(VLOOKUP($A12,Sheet1!$A$3:$AW$699,8,FALSE)="▲","x","") | N12: =IF(VLOOKUP($A12,Sheet1!$A$3:$AW$699,9,FALSE)="●","x","") | O12: =IF(VLOOKUP($A12,Sheet1!$A$3:$AW$699,10,FALSE)="■","x","") | P12: =IF(VLOOKUP($A12,Sheet1!$A$3:$AW$699,2,FALSE)="","",VLOOKUP($A12,Sheet1!$A$3:$AW$699,2,FALSE)) -> P1.034
A13: 142 | B13: =IF(VLOOKUP($A13,Sheet1!$A$3:$AW$699,20,FALSE)="","",VLOOKUP($A13,Sheet1!$A$3:$AW$699,20,FALSE)) -> SCurveDecelTime | C13: =IF(VLOOKUP($A13,Sheet1!$A$3:$AW$699,25,FALSE)="","",VLOOKUP($A13,Sheet1!$A$3:$AW$699,25,FALSE)) -> S/Sz/IO | D13: =IF(VLOOKUP($A13,Sheet1!$A$3:$AW$699,15,FALSE)="","",VLOOKUP($A13,Sheet1!$A$3:$AW$699,15,FALSE)) -> 1 | E13: =IF(VLOOKUP($A13,Sheet1!$A$3:$AW$699,16,FALSE)="","",VLOOKUP($A13,Sheet1!$A$3:$AW$699,16,FALSE)) -> 65500 | F13: =IF(VLOOKUP($A13,Sheet1!$A$3:$AW$699,17,FALSE)="","",VLOOKUP($A13,Sheet1!$A$3:$AW$699,17,FALSE)) -> 200 | G13: =IF(VLOOKUP($A13,Sheet1!$A$3:$AW$699,18,FALSE)="","",VLOOKUP($A13,Sheet1!$A$3:$AW$699,18,FALSE)) | H13: =IF(VLOOKUP($A13,Sheet1!$A$3:$AW$699,19,FALSE)="","",VLOOKUP($A13,Sheet1!$A$3:$AW$699,19,FALSE)) -> ms | I13: =IF(VLOOKUP($A13,Sheet1!$A$3:$AW$699,5,FALSE)="","",VLOOKUP($A13,Sheet1!$A$3:$AW$699,5,FALSE)) -> UINT | J13: Deceleration Time Constant of S-curve Velocity Profile See S-curve Filter (Speed Mode) in the user manual. | K13: 5-Control 15-Filter 20-Tuning | L13: =IF(VLOOKUP($A13,Sheet1!$A$3:$AW$699,7,FALSE)="★","x","") | M13: =IF(VLOOKUP($A13,Sheet1!$A$3:$AW$699,8,FALSE)="▲","x","") | N13: =IF(VLOOKUP($A13,Sheet1!$A$3:$AW$699,9,FALSE)="●","x","") | O13: =IF(VLOOKUP($A13,Sheet1!$A$3:$AW$699,10,FALSE)="■","x","") | P13: =IF(VLOOKUP($A13,Sheet1!$A$3:$AW$699,2,FALSE)="","",VLOOKUP($A13,Sheet1!$A$3:$AW$699,2,FALSE)) -> P1.035
A14: 143 | B14: =IF(VLOOKUP($A14,Sheet1!$A$3:$AW$699,20,FALSE)="","",VLOOKUP($A14,Sheet1!$A$3:$AW$699,20,FALSE)) -> SCurveSmoothTime | C14: =IF(VLOOKUP($A14,Sheet1!$A$3:$AW$699,25,FALSE)="","",VLOOKUP($A14,Sheet1!$A$3:$AW$699,25,FALSE)) -> PR/S/Sz/IO | D14: =IF(VLOOKUP($A14,Sheet1!$A$3:$AW$699,15,FALSE)="","",VLOOKUP($A14,Sheet1!$A$3:$AW$699,15,FALSE)) -> 0 | E14: =IF(VLOOKUP($A14,Sheet1!$A$3:$AW$699,16,FALSE)="","",VLOOKUP($A14,Sheet1!$A$3:$AW$699,16,FALSE)) -> 65500 | F14: =IF(VLOOKUP($A14,Sheet1!$A$3:$AW$699,17,FALSE)="","",VLOOKUP($A14,Sheet1!$A$3:$AW$699,17,FALSE)) -> 0 | G14: =IF(VLOOKUP($A14,Sheet1!$A$3:$AW$699,18,FALSE)="","",VLOOKUP($A14,Sheet1!$A$3:$AW$699,18,FALSE)) | H14: =IF(VLOOKUP($A14,Sheet1!$A$3:$AW$699,19,FALSE)="","",VLOOKUP($A14,Sheet1!$A$3:$AW$699,19,FALSE)) -> ms | I14: =IF(VLOOKUP($A14,Sheet1!$A$3:$AW$699,5,FALSE)="","",VLOOKUP($A14,Sheet1!$A$3:$AW$699,5,FALSE)) -> UINT | J14: Smoothing Time of S-curve See S-curve Filter (Position Mode) and S-curve Filter (Speed Mode) in the user manual. | K14: 5-Control 15-Filter 20-Tuning | L14: =IF(VLOOKUP($A14,Sheet1!$A$3:$AW$699,7,FALSE)="★","x","") | M14: =IF(VLOOKUP($A14,Sheet1!$A$3:$AW$699,8,FALSE)="▲","x","") | N14: =IF(VLOOKUP($A14,Sheet1!$A$3:$AW$699,9,FALSE)="●","x","") | O14: =IF(VLOOKUP($A14,Sheet1!$A$3:$AW$699,10,FALSE)="■","x","") | P14: =IF(VLOOKUP($A14,Sheet1!$A$3:$AW$699,2,FALSE)="","",VLOOKUP($A14,Sheet1!$A$3:$AW$699,2,FALSE)) -> P1.036
A15: 144 | B15: =IF(VLOOKUP($A15,Sheet1!$A$3:$AW$699,20,FALSE)="","",VLOOKUP($A15,Sheet1!$A$3:$AW$699,20,FALSE)) -> LoadInertiaRatio | C15: =IF(VLOOKUP($A15,Sheet1!$A$3:$AW$699,25,FALSE)="","",VLOOKUP($A15,Sheet1!$A$3:$AW$699,25,FALSE)) -> All | D15: =IF(VLOOKUP($A15,Sheet1!$A$3:$AW$699,15,FALSE)="","",VLOOKUP($A15,Sheet1!$A$3:$AW$699,15,FALSE)) -> 0 | E15: =IF(VLOOKUP($A15,Sheet1!$A$3:$AW$699,16,FALSE)="","",VLOOKUP($A15,Sheet1!$A$3:$AW$699,16,FALSE)) -> 2000 | F15: =IF(VLOOKUP($A15,Sheet1!$A$3:$AW$699,17,FALSE)="","",VLOOKUP($A15,Sheet1!$A$3:$AW$699,17,FALSE)) -> 60 | G15: =IF(VLOOKUP($A15,Sheet1!$A$3:$AW$699,18,FALSE)="","",VLOOKUP($A15,Sheet1!$A$3:$AW$699,18,FALSE)) | H15: =IF(VLOOKUP($A15,Sheet1!$A$3:$AW$699,19,FALSE)="","",VLOOKUP($A15,Sheet1!$A$3:$AW$699,19,FALSE)) -> Load Inertia/Motor Inertia | I15: =IF(VLOOKUP($A15,Sheet1!$A$3:$AW$699,5,FALSE)="","",VLOOKUP($A15,Sheet1!$A$3:$AW$699,5,FALSE)) -> UINT | J15: Load Inertia Ratio Ratio of the external mechanical load / rotor inertia of the servo motor | K15: 5-Control 18-Velocity Loop 20-Tuning | L15: =IF(VLOOKUP($A15,Sheet1!$A$3:$AW$699,7,FALSE)="★","x","") | M15: =IF(VLOOKUP($A15,Sheet1!$A$3:$AW$699,8,FALSE)="▲","x","") | N15: =IF(VLOOKUP($A15,Sheet1!$A$3:$AW$699,9,FALSE)="●","x","") | O15: =IF(VLOOKUP($A15,Sheet1!$A$3:$AW$699,10,FALSE)="■","x","") | P15: =IF(VLOOKUP($A15,Sheet1!$A$3:$AW$699,2,FALSE)="","",VLOOKUP($A15,Sheet1!$A$3:$AW$699,2,FALSE)) -> P1.037
A16: 164 | B16: =IF(VLOOKUP($A16,Sheet1!$A$3:$AW$699,20,FALSE)="","",VLOOKUP($A16,Sheet1!$A$3:$AW$699,20,FALSE)) -> VelocityCmdMovingFilterTime | C16: =IF(VLOOKUP($A16,Sheet1!$A$3:$AW$699,25,FALSE)="","",VLOOKUP($A16,Sheet1!$A$3:$AW$699,25,FALSE)) -> S/IO | D16: =IF(VLOOKUP($A16,Sheet1!$A$3:$AW$699,15,FALSE)="","",VLOOKUP($A16,Sheet1!$A$3:$AW$699,15,FALSE)) -> 0 | E16: =IF(VLOOKUP($A16,Sheet1!$A$3:$AW$699,16,FALSE)="","",VLOOKUP($A16,Sheet1!$A$3:$AW$699,16,FALSE)) -> 40 | F16: =IF(VLOOKUP($A16,Sheet1!$A$3:$AW$699,17,FALSE)="","",VLOOKUP($A16,Sheet1!$A$3:$AW$699,17,FALSE)) -> 0 | G16: =IF(VLOOKUP($A16,Sheet1!$A$3:$AW$699,18,FALSE)="","",VLOOKUP($A16,Sheet1!$A$3:$AW$699,18,FALSE)) | H16: =IF(VLOOKUP($A16,Sheet1!$A$3:$AW$699,19,FALSE)="","",VLOOKUP($A16,Sheet1!$A$3:$AW$699,19,FALSE)) -> ms | I16: =IF(VLOOKUP($A16,Sheet1!$A$3:$AW$699,5,FALSE)="","",VLOOKUP($A16,Sheet1!$A$3:$AW$699,5,FALSE)) -> INT | J16: Velocity Command Moving Filter Time Constant Setting this parameter to 0 disables this filter. The moving filter can smooth the command at the beginning and end of the step command. See Low Pass Filter for Speed Command in the user manual. | K16: 5-Control 15-Filter | L16: =IF(VLOOKUP($A16,Sheet1!$A$3:$AW$699,7,FALSE)="★","x","") | M16: =IF(VLOOKUP($A16,Sheet1!$A$3:$AW$699,8,FALSE)="▲","x","") | N16: =IF(VLOOKUP($A16,Sheet1!$A$3:$AW$699,9,FALSE)="●","x","") | O16: =IF(VLOOKUP($A16,Sheet1!$A$3:$AW$699,10,FALSE)="■","x","") | P16: =IF(VLOOKUP($A16,Sheet1!$A$3:$AW$699,2,FALSE)="","",VLOOKUP($A16,Sheet1!$A$3:$AW$699,2,FALSE)) -> P1.059
... A66: 691 | B66: =IF(VLOOKUP($A66,Sheet1!$A$3:$AW$699,20,FALSE)="","",VLOOKUP($A66,Sheet1!$A$3:$AW$699,20,FALSE)) -> PositionSpeedSwitchHighLevel | C66: =IF(VLOOKUP($A66,Sheet1!$A$3:$AW$699,25,FALSE)="","",VLOOKUP($A66,Sheet1!$A$3:$AW$699,25,FALSE)) -> PT/PR | D66: =IF(VLOOKUP($A66,Sheet1!$A$3:$AW$699,15,FALSE)="","",VLOOKUP($A66,Sheet1!$A$3:$AW$699,15,FALSE)) -> 300 | E66: =IF(VLOOKUP($A66,Sheet1!$A$3:$AW$699,16,FALSE)="","",VLOOKUP($A66,Sheet1!$A$3:$AW$699,16,FALSE)) -> 27500 | F66: =IF(VLOOKUP($A66,Sheet1!$A$3:$AW$699,17,FALSE)="","",VLOOKUP($A66,Sheet1!$A$3:$AW$699,17,FALSE)) -> 1575 | G66: =IF(VLOOKUP($A66,Sheet1!$A$3:$AW$699,18,FALSE)="","",VLOOKUP($A66,Sheet1!$A$3:$AW$699,18,FALSE)) | H66: =IF(VLOOKUP($A66,Sheet1!$A$3:$AW$699,19,FALSE)="","",VLOOKUP($A66,Sheet1!$A$3:$AW$699,19,FALSE)) -> RPM | I66: =IF(VLOOKUP($A66,Sheet1!$A$3:$AW$699,5,FALSE)="","",VLOOKUP($A66,Sheet1!$A$3:$AW$699,5,FALSE)) -> DINT | J66: Induction motor position/speed mode switch function (high level) | K66: 5-Control | L66: =IF(VLOOKUP($A66,Sheet1!$A$3:$AW$699,7,FALSE)="★","x","") | M66: =IF(VLOOKUP($A66,Sheet1!$A$3:$AW$699,8,FALSE)="▲","x","") -> x | N66: =IF(VLOOKUP($A66,Sheet1!$A$3:$AW$699,9,FALSE)="●","x","") | O66: =IF(VLOOKUP($A66,Sheet1!$A$3:$AW$699,10,FALSE)="■","x","") | P66: =IF(VLOOKUP($A66,Sheet1!$A$3:$AW$699,2,FALSE)="","",VLOOKUP($A66,Sheet1!$A$3:$AW$699,2,FALSE)) -> P2.087

Sheet 6 - IO
A1: Kinetix 5100 Servo Drive Parameters For more information see:
A2: Kinetix 5100 Servo Drive User Manual, publication 2198-UM004
A4: ID | B4: Name | C4: Control Mode | D4: Min. | E4: Max. | F4: Default Value | G4: Precision | H4: Units | I4: Data Type | J4: Comments | K4: Groups | L4: Read-only | M4: Set When Servo Off | N4: Valid After Power Cycle | O4: Volatile Parameter | P4: Parameter Number
A5: 194 | B5: =IF(VLOOKUP($A5,Sheet1!$A$3:$AW$699,20,FALSE)="","",VLOOKUP($A5,Sheet1!$A$3:$AW$699,20,FALSE)) -> DIDebounceTime | C5: =IF(VLOOKUP($A5,Sheet1!$A$3:$AW$699,25,FALSE)="","",VLOOKUP($A5,Sheet1!$A$3:$AW$699,25,FALSE)) -> All | D5: =IF(VLOOKUP($A5,Sheet1!$A$3:$AW$699,15,FALSE)="","",VLOOKUP($A5,Sheet1!$A$3:$AW$699,15,FALSE)) -> 0 | E5: =IF(VLOOKUP($A5,Sheet1!$A$3:$AW$699,16,FALSE)="","",VLOOKUP($A5,Sheet1!$A$3:$AW$699,16,FALSE)) -> 20 | F5: =IF(VLOOKUP($A5,Sheet1!$A$3:$AW$699,17,FALSE)="","",VLOOKUP($A5,Sheet1!$A$3:$AW$699,17,FALSE)) -> 2 | G5: =IF(VLOOKUP($A5,Sheet1!$A$3:$AW$699,18,FALSE)="","",VLOOKUP($A5,Sheet1!$A$3:$AW$699,18,FALSE)) | H5: =IF(VLOOKUP($A5,Sheet1!$A$3:$AW$699,19,FALSE)="","",VLOOKUP($A5,Sheet1!$A$3:$AW$699,19,FALSE)) -> ms | I5: =IF(VLOOKUP($A5,Sheet1!$A$3:$AW$699,5,FALSE)="","",VLOOKUP($A5,Sheet1!$A$3:$AW$699,5,FALSE)) -> INT | J5: Digital Input Debouncing Time When the environmental interference is big, increasing the setting value can enhance the control stability. However, if the value is set too high, it will impact the response time. | K5: 6-IO | L5: =IF(VLOOKUP($A5,Sheet1!$A$3:$AW$699,7,FALSE)="★","x","") | M5: =IF(VLOOKUP($A5,Sheet1!$A$3:$AW$699,8,FALSE)="▲","x","") | N5: =IF(VLOOKUP($A5,Sheet1!$A$3:$AW$699,9,FALSE)="●","x","") | O5: =IF(VLOOKUP($A5,Sheet1!$A$3:$AW$699,10,FALSE)="■","x","") | P5: =IF(VLOOKUP($A5,Sheet1!$A$3:$AW$699,2,FALSE)="","",VLOOKUP($A5,Sheet1!$A$3:$AW$699,2,FALSE)) -> P2.009
A6: 195 | B6: =IF(VLOOKUP($A6,Sheet1!$A$3:$AW$699,20,FALSE)="","",VLOOKUP($A6,Sheet1!$A$3:$AW$699,20,FALSE)) -> DI1Configuration | C6: =IF(VLOOKUP($A6,Sheet1!$A$3:$AW$699,25,FALSE)="","",VLOOKUP($A6,Sheet1!$A$3:$AW$699,25,FALSE)) -> All | D6: =IF(VLOOKUP($A6,Sheet1!$A$3:$AW$699,15,FALSE)="","",VLOOKUP($A6,Sheet1!$A$3:$AW$699,15,FALSE)) -> 0x0000 | E6: =IF(VLOOKUP($A6,Sheet1!$A$3:$AW$699,16,FALSE)="","",VLOOKUP($A6,Sheet1!$A$3:$AW$699,16,FALSE)) -> 0x014F | F6: =IF(VLOOKUP($A6,Sheet1!$A$3:$AW$699,17,FALSE)="","",VLOOKUP($A6,Sheet1!$A$3:$AW$699,17,FALSE)) -> 0x0100 | G6: =IF(VLOOKUP($A6,Sheet1!$A$3:$AW$699,18,FALSE)="","",VLOOKUP($A6,Sheet1!$A$3:$AW$699,18,FALSE)) | H6: =IF(VLOOKUP($A6,Sheet1!$A$3:$AW$699,19,FALSE)="","",VLOOKUP($A6,Sheet1!$A$3:$AW$699,19,FALSE)) | I6: =IF(VLOOKUP($A6,Sheet1!$A$3:$AW$699,5,FALSE)="","",VLOOKUP($A6,Sheet1!$A$3:$AW$699,5,FALSE)) -> UINT | J6: Digital Input 1 Configuration Selects the DI function (YX) and function of the NO or NC contact (Z). When parameters are modified, re-start the servo drive so that it can function normally. You can configure ID268 (P3.006) to change the source for the digital signal, either through an external terminal block or communication parameter ID281 (P4.007). See Description of Digital Input Functions in the user manual. YX: Input function See Description of Digital Input Functions in the user manual. Z: Input contact NO or NC 0=normally closed (NC contact) 1=normally open (NO contact) U: reserved | K6: 6-IO | L6: =IF(VLOOKUP($A6,Sheet1!$A$3:$AW$699,7,FALSE)="★","x","") | M6: =IF(VLOOKUP($A6,Sheet1!$A$3:$AW$699,8,FALSE)="▲","x","") | N6: =IF(VLOOKUP($A6,Sheet1!$A$3:$AW$699,9,FALSE)="●","x","") | O6: =IF(VLOOKUP($A6,Sheet1!$A$3:$AW$699,10,FALSE)="■","x","") | P6: =IF(VLOOKUP($A6,Sheet1!$A$3:$AW$699,2,FALSE)="","",VLOOKUP($A6,Sheet1!$A$3:$AW$699,2,FALSE)) -> P2.010
A7: 196 | B7: =IF(VLOOKUP($A7,Sheet1!$A$3:$AW$699,20,FALSE)="","",VLOOKUP($A7,Sheet1!$A$3:$AW$699,20,FALSE)) -> DI2Configuration | C7: =IF(VLOOKUP($A7,Sheet1!$A$3:$AW$699,25,FALSE)="","",VLOOKUP($A7,Sheet1!$A$3:$AW$699,25,FALSE)) -> All | D7: =IF(VLOOKUP($A7,Sheet1!$A$3:$AW$699,15,FALSE)="","",VLOOKUP($A7,Sheet1!$A$3:$AW$699,15,FALSE)) -> 0x0000 | E7: =IF(VLOOKUP($A7,Sheet1!$A$3:$AW$699,16,FALSE)="","",VLOOKUP($A7,Sheet1!$A$3:$AW$699,16,FALSE)) -> 0x014F | F7: =IF(VLOOKUP($A7,Sheet1!$A$3:$AW$699,17,FALSE)="","",VLOOKUP($A7,Sheet1!$A$3:$AW$699,17,FALSE)) -> 0x0100 | G7: =IF(VLOOKUP($A7,Sheet1!$A$3:$AW$699,18,FALSE)="","",VLOOKUP($A7,Sheet1!$A$3:$AW$699,18,FALSE)) | H7: =IF(VLOOKUP($A7,Sheet1!$A$3:$AW$699,19,FALSE)="","",VLOOKUP($A7,Sheet1!$A$3:$AW$699,19,FALSE)) | I7: =IF(VLOOKUP($A7,Sheet1!$A$3:$AW$699,5,FALSE)="","",VLOOKUP($A7,Sheet1!$A$3:$AW$699,5,FALSE)) -> UINT | J7: Digital Input 2 Configuration Selects the DI function (YX) and function of the NO or NC contact (Z). When parameters are modified, re-start the servo drive so that it can function normally. You can configure ID268 (P3.006) to change the source for the digital signal, either through an external terminal block or communication parameter ID281 (P4.007). See Description of Digital Input Functions in the user manual. YX: Input function See Description of Digital Input Functions in the user manual. Z: Input contact NO or NC 0=normally closed (NC contact) 1=normally open (NO contact) U: reserved | K7: 6-IO | L7: =IF(VLOOKUP($A7,Sheet1!$A$3:$AW$699,7,FALSE)="★","x","") | M7: =IF(VLOOKUP($A7,Sheet1!$A$3:$AW$699,8,FALSE)="▲","x","") | N7: =IF(VLOOKUP($A7,Sheet1!$A$3:$AW$699,9,FALSE)="●","x","") | O7: =IF(VLOOKUP($A7,Sheet1!$A$3:$AW$699,10,FALSE)="■","x","") | P7: =IF(VLOOKUP($A7,Sheet1!$A$3:$AW$699,2,FALSE)="","",VLOOKUP($A7,Sheet1!$A$3:$AW$699,2,FALSE)) -> P2.011
A8: 197 | B8: =IF(VLOOKUP($A8,Sheet1!$A$3:$AW$699,20,FALSE)="","",VLOOKUP($A8,Sheet1!$A$3:$AW$699,20,FALSE)) -> DI3Configuration | C8: =IF(VLOOKUP($A8,Sheet1!$A$3:$AW$699,25,FALSE)="","",VLOOKUP($A8,Sheet1!$A$3:$AW$699,25,FALSE)) -> All | D8: =IF(VLOOKUP($A8,Sheet1!$A$3:$AW$699,15,FALSE)="","",VLOOKUP($A8,Sheet1!$A$3:$AW$699,15,FALSE)) -> 0x0000 | E8: =IF(VLOOKUP($A8,Sheet1!$A$3:$AW$699,16,FALSE)="","",VLOOKUP($A8,Sheet1!$A$3:$AW$699,16,FALSE)) -> 0x014F | F8: =IF(VLOOKUP($A8,Sheet1!$A$3:$AW$699,17,FALSE)="","",VLOOKUP($A8,Sheet1!$A$3:$AW$699,17,FALSE)) -> 0x0100 | G8: =IF(VLOOKUP($A8,Sheet1!$A$3:$AW$699,18,FALSE)="","",VLOOKUP($A8,Sheet1!$A$3:$AW$699,18,FALSE)) | H8: =IF(VLOOKUP($A8,Sheet1!$A$3:$AW$699,19,FALSE)="","",VLOOKUP($A8,Sheet1!$A$3:$AW$699,19,FALSE)) | I8: =IF(VLOOKUP($A8,Sheet1!$A$3:$AW$699,5,FALSE)="","",VLOOKUP($A8,Sheet1!$A$3:$AW$699,5,FALSE)) -> UINT | J8: Digital Input 3 Configuration Selects the DI function (YX) and function of the NO or NC contact (Z). When parameters are modified, re-start the servo drive so that it can function normally. User can configure P3.006 to change the source for the digital signal, either through an external terminal block or communication parameter P4.007. See Description of Digital Input Functions in the user manual. YX: Input function See Description of Digital Input Functions in the user manual. Z: Input contact NO or NC 0=normally closed (NC contact) 1=normally open (NO contact) U: reserved | K8: 6-IO | L8: =IF(VLOOKUP($A8,Sheet1!$A$3:$AW$699,7,FALSE)="★","x","") | M8: =IF(VLOOKUP($A8,Sheet1!$A$3:$AW$699,8,FALSE)="▲","x","") | N8: =IF(VLOOKUP($A8,Sheet1!$A$3:$AW$699,9,FALSE)="●","x","") | O8: =IF(VLOOKUP($A8,Sheet1!$A$3:$AW$699,10,FALSE)="■","x","") | P8: =IF(VLOOKUP($A8,Sheet1!$A$3:$AW$699,2,FALSE)="","",VLOOKUP($A8,Sheet1!$A$3:$AW$699,2,FALSE)) -> P2.012
A9: 198 | B9: =IF(VLOOKUP($A9,Sheet1!$A$3:$AW$699,20,FALSE)="","",VLOOKUP($A9,Sheet1!$A$3:$AW$699,20,FALSE)) -> DI4Configuration | C9: =IF(VLOOKUP($A9,Sheet1!$A$3:$AW$699,25,FALSE)="","",VLOOKUP($A9,Sheet1!$A$3:$AW$699,25,FALSE)) -> All | D9: =IF(VLOOKUP($A9,Sheet1!$A$3:$AW$699,15,FALSE)="","",VLOOKUP($A9,Sheet1!$A$3:$AW$699,15,FALSE)) -> 0x0000 | E9: =IF(VLOOKUP($A9,Sheet1!$A$3:$AW$699,16,FALSE)="","",VLOOKUP($A9,Sheet1!$A$3:$AW$699,16,FALSE)) -> 0x014F | F9: =IF(VLOOKUP($A9,Sheet1!$A$3:$AW$699,17,FALSE)="","",VLOOKUP($A9,Sheet1!$A$3:$AW$699,17,FALSE)) -> 0x0100 | G9: =IF(VLOOKUP($A9,Sheet1!$A$3:$AW$699,18,FALSE)="","",VLOOKUP($A9,Sheet1!$A$3:$AW$699,18,FALSE)) | H9: =IF(VLOOKUP($A9,Sheet1!$A$3:$AW$699,19,FALSE)="","",VLOOKUP($A9,Sheet1!$A$3:$AW$699,19,FALSE)) | I9: =IF(VLOOKUP($A9,Sheet1!$A$3:$AW$699,5,FALSE)="","",VLOOKUP($A9,Sheet1!$A$3:$AW$699,5,FALSE)) -> UINT | J9: Digital Input 4 Configuration Selects the DI function (YX) and function of the NO or NC contact (Z). When parameters are modified, re-start the servo drive so that it can function normally. You can configure ID268 (P3.006) to change the source for the digital signal, either through an external terminal block or communication parameter ID281 (P4.007). See Description of Digital Input Functions in the user manual. YX: Input function See Description of Digital Input Functions in the user manual. Z: Input contact NO or NC 0=normally closed (NC contact) 1=normally open (NO contact) U: reserved | K9: 6-IO | L9: =IF(VLOOKUP($A9,Sheet1!$A$3:$AW$699,7,FALSE)="★","x","") | M9: =IF(VLOOKUP($A9,Sheet1!$A$3:$AW$699,8,FALSE)="▲","x","") | N9: =IF(VLOOKUP($A9,Sheet1!$A$3:$AW$699,9,FALSE)="●","x","") | O9: =IF(VLOOKUP($A9,Sheet1!$A$3:$AW$699,10,FALSE)="■","x","") | P9: =IF(VLOOKUP($A9,Sheet1!$A$3:$AW$699,2,FALSE)="","",VLOOKUP($A9,Sheet1!$A$3:$AW$699,2,FALSE)) -> P2.013
A10: 199 | B10: =IF(VLOOKUP($A10,Sheet1!$A$3:$AW$699,20,FALSE)="","",VLOOKUP($A10,Sheet1!$A$3:$AW$699,20,FALSE)) -> DI5Configuration | C10: =IF(VLOOKUP($A10,Sheet1!$A$3:$AW$699,25,FALSE)="","",VLOOKUP($A10,Sheet1!$A$3:$AW$699,25,FALSE)) -> All | D10: =IF(VLOOKUP($A10,Sheet1!$A$3:$AW$699,15,FALSE)="","",VLOOKUP($A10,Sheet1!$A$3:$AW$699,15,FALSE)) -> 0x0000 | E10: =IF(VLOOKUP($A10,Sheet1!$A$3:$AW$699,16,FALSE)="","",VLOOKUP($A10,Sheet1!$A$3:$AW$699,16,FALSE)) -> 0x014F | F10: =IF(VLOOKUP($A10,Sheet1!$A$3:$AW$699,17,FALSE)="","",VLOOKUP($A10,Sheet1!$A$3:$AW$699,17,FALSE)) -> 0x0100 | G10: =IF(VLOOKUP($A10,Sheet1!$A$3:$AW$699,18,FALSE)="","",VLOOKUP($A10,Sheet1!$A$3:$AW$699,18,FALSE)) | H10: =IF(VLOOKUP($A10,Sheet1!$A$3:$AW$699,19,FALSE)="","",VLOOKUP($A10,Sheet1!$A$3:$AW$699,19,FALSE)) | I10: =IF(VLOOKUP($A10,Sheet1!$A$3:$AW$699,5,FALSE)="","",VLOOKUP($A10,Sheet1!$A$3:$AW$699,5,FALSE)) -> UINT | J10: Digital Input 5 Configuration Selects the DI function (YX) and function of the NO or NC contact (Z). When parameters are modified, re-start the servo drive so that it can function normally. You can configure ID268 (P3.006) to change the source for the digital signal, either through an external terminal block or communication parameter ID281 (P4.007). See Description of Digital Input Functions in the user manual. YX: Input function See Description of Digital Input Functions in the user manual. Z: Input contact NO or NC 0=normally closed (NC contact) 1=normally open (NO contact) U: reserved | K10: 6-IO | L10: =IF(VLOOKUP($A10,Sheet1!$A$3:$AW$699,7,FALSE)="★","x","") | M10: =IF(VLOOKUP($A10,Sheet1!$A$3:$AW$699,8,FALSE)="▲","x","") | N10: =IF(VLOOKUP($A10,Sheet1!$A$3:$AW$699,9,FALSE)="●","x","") | O10: =IF(VLOOKUP($A10,Sheet1!$A$3:$AW$699,10,FALSE)="■","x","") | P10: =IF(VLOOKUP($A10,Sheet1!$A$3:$AW$699,2,FALSE)="","",VLOOKUP($A10,Sheet1!$A$3:$AW$699,2,FALSE)) -> P2.014
A11: 200 | B11: =IF(VLOOKUP($A11,Sheet1!$A$3:$AW$699,20,FALSE)="","",VLOOKUP($A11,Sheet1!$A$3:$AW$699,20,FALSE)) -> DI6Configuration | C11: =IF(VLOOKUP($A11,Sheet1!$A$3:$AW$699,25,FALSE)="","",VLOOKUP($A11,Sheet1!$A$3:$AW$699,25,FALSE)) -> All | D11: =IF(VLOOKUP($A11,Sheet1!$A$3:$AW$699,15,FALSE)="","",VLOOKUP($A11,Sheet1!$A$3:$AW$699,15,FALSE)) -> 0x0000 | E11: =IF(VLOOKUP($A11,Sheet1!$A$3:$AW$699,16,FALSE)="","",VLOOKUP($A11,Sheet1!$A$3:$AW$699,16,FALSE)) -> 0x014F | F11: =IF(VLOOKUP($A11,Sheet1!$A$3:$AW$699,17,FALSE)="","",VLOOKUP($A11,Sheet1!$A$3:$AW$699,17,FALSE)) -> 0x0100 | G11: =IF(VLOOKUP($A11,Sheet1!$A$3:$AW$699,18,FALSE)="","",VLOOKUP($A11,Sheet1!$A$3:$AW$699,18,FALSE)) | H11: =IF(VLOOKUP($A11,Sheet1!$A$3:$AW$699,19,FALSE)="","",VLOOKUP($A11,Sheet1!$A$3:$AW$699,19,FALSE)) | I11: =IF(VLOOKUP($A11,Sheet1!$A$3:$AW$699,5,FALSE)="","",VLOOKUP($A11,Sheet1!$A$3:$AW$699,5,FALSE)) -> UINT | J11: Digital Input 6 Configuration Selects the DI function (YX) and function of the NO or NC contact (Z). When parameters are modified, re-start the servo drive so that it can function normally. You can configure ID268 (P3.006) to change the source for the digital signal, either through an external terminal block or communication parameter ID281 (P4.007). See Description of Digital Input Functions in the user manual. YX: Input function See Description of Digital Input Functions in the user manual. Z: Input contact NO or NC 0=normally closed (NC contact) 1=normally open (NO contact) U: reserved | K11: 6-IO | L11: =IF(VLOOKUP($A11,Sheet1!$A$3:$AW$699,7,FALSE)="★","x","") | M11: =IF(VLOOKUP($A11,Sheet1!$A$3:$AW$699,8,FALSE)="▲","x","") | N11: =IF(VLOOKUP($A11,Sheet1!$A$3:$AW$699,9,FALSE)="●","x","") | O11: =IF(VLOOKUP($A11,Sheet1!$A$3:$AW$699,10,FALSE)="■","x","") | P11: =IF(VLOOKUP($A11,Sheet1!$A$3:$AW$699,2,FALSE)="","",VLOOKUP($A11,Sheet1!$A$3:$AW$699,2,FALSE)) -> P2.015
A12: 201 | B12: =IF(VLOOKUP($A12,Sheet1!$A$3:$AW$699,20,FALSE)="","",VLOOKUP($A12,Sheet1!$A$3:$AW$699,20,FALSE)) -> DI7Configuration | C12: =IF(VLOOKUP($A12,Sheet1!$A$3:$AW$699,25,FALSE)="","",VLOOKUP($A12,Sheet1!$A$3:$AW$699,25,FALSE)) -> All | D12: =IF(VLOOKUP($A12,Sheet1!$A$3:$AW$699,15,FALSE)="","",VLOOKUP($A12,Sheet1!$A$3:$AW$699,15,FALSE)) -> 0x0000 | E12: =IF(VLOOKUP($A12,Sheet1!$A$3:$AW$699,16,FALSE)="","",VLOOKUP($A12,Sheet1!$A$3:$AW$699,16,FALSE)) -> 0x014F | F12: =IF(VLOOKUP($A12,Sheet1!$A$3:$AW$699,17,FALSE)="","",VLOOKUP($A12,Sheet1!$A$3:$AW$699,17,FALSE)) -> 0x0100 | G12: =IF(VLOOKUP($A12,Sheet1!$A$3:$AW$699,18,FALSE)="","",VLOOKUP($A12,Sheet1!$A$3:$AW$699,18,FALSE)) | H12: =IF(VLOOKUP($A12,Sheet1!$A$3:$AW$699,19,FALSE)="","",VLOOKUP($A12,Sheet1!$A$3:$AW$699,19,FALSE)) | I12: =IF(VLOOKUP($A12,Sheet1!$A$3:$AW$699,5,FALSE)="","",VLOOKUP($A12,Sheet1!$A$3:$AW$699,5,FALSE)) -> UINT | J12: Digital Input 7 Configuration Selects the DI function (YX) and function of the NO or NC contact (Z). When parameters are modified, re-start the servo drive so that it can function normally. You can configure ID268 (P3.006) to change the source for the digital signal, either through an external terminal block or communication parameter ID281 (P4.007). See Description of Digital Input Functions in the user manual. YX: Input function See Description of Digital Input Functions in the user manual. Z: Input contact NO or NC 0=normally closed (NC contact) 1=normally open (NO contact) U: reserved | K12: 6-IO | L12: =IF(VLOOKUP($A12,Sheet1!$A$3:$AW$699,7,FALSE)="★","x","") | M12: =IF(VLOOKUP($A12,Sheet1!$A$3:$AW$699,8,FALSE)="▲","x","") | N12: =IF(VLOOKUP($A12,Sheet1!$A$3:$AW$699,9,FALSE)="●","x","") | O12: =IF(VLOOKUP($A12,Sheet1!$A$3:$AW$699,10,FALSE)="■","x","") | P12: =IF(VLOOKUP($A12,Sheet1!$A$3:$AW$699,2,FALSE)="","",VLOOKUP($A12,Sheet1!$A$3:$AW$699,2,FALSE)) -> P2.016
A13: 202 | B13: =IF(VLOOKUP($A13,Sheet1!$A$3:$AW$699,20,FALSE)="","",VLOOKUP($A13,Sheet1!$A$3:$AW$699,20,FALSE)) -> DI8Configuration | C13: =IF(VLOOKUP($A13,Sheet1!$A$3:$AW$699,25,FALSE)="","",VLOOKUP($A13,Sheet1!$A$3:$AW$699,25,FALSE)) -> All | D13: =IF(VLOOKUP($A13,Sheet1!$A$3:$AW$699,15,FALSE)="","",VLOOKUP($A13,Sheet1!$A$3:$AW$699,15,FALSE)) -> 0x0000 | E13: =IF(VLOOKUP($A13,Sheet1!$A$3:$AW$699,16,FALSE)="","",VLOOKUP($A13,Sheet1!$A$3:$AW$699,16,FALSE)) -> 0x014F | F13: =IF(VLOOKUP($A13,Sheet1!$A$3:$AW$699,17,FALSE)="","",VLOOKUP($A13,Sheet1!$A$3:$AW$699,17,FALSE)) -> 0x0100 | G13: =IF(VLOOKUP($A13,Sheet1!$A$3:$AW$699,18,FALSE)="","",VLOOKUP($A13,Sheet1!$A$3:$AW$699,18,FALSE)) | H13: =IF(VLOOKUP($A13,Sheet1!$A$3:$AW$699,19,FALSE)="","",VLOOKUP($A13,Sheet1!$A$3:$AW$699,19,FALSE)) | I13: =IF(VLOOKUP($A13,Sheet1!$A$3:$AW$699,5,FALSE)="","",VLOOKUP($A13,Sheet1!$A$3:$AW$699,5,FALSE)) -> UINT | J13: Digital Input 8 Configuration Selects the DI function (YX) and function of the NO or NC contact (Z). When parameters are modified, re-start the servo drive so that it can function normally. You can configure ID268 (P3.006) to change the source for the digital signal, either through an external terminal block or communication parameter ID281 (P4.007). See Description of Digital Input Functions in the user manual. YX: Input function See Description of Digital Input Functions in the user manual. Z: Input contact NO or NC 0=normally closed (NC contact) 1=normally open (NO contact) U: reserved | K13: 6-IO | L13: =IF(VLOOKUP($A13,Sheet1!$A$3:$AW$699,7,FALSE)="★","x","") | M13: =IF(VLOOKUP($A13,Sheet1!$A$3:$AW$699,8,FALSE)="▲","x","") | N13: =IF(VLOOKUP($A13,Sheet1!$A$3:$AW$699,9,FALSE)="●","x","") | O13: =IF(VLOOKUP($A13,Sheet1!$A$3:$AW$699,10,FALSE)="■","x","") | P13: =IF(VLOOKUP($A13,Sheet1!$A$3:$AW$699,2,FALSE)="","",VLOOKUP($A13,Sheet1!$A$3:$AW$699,2,FALSE)) -> P2.017
A14: 203 | B14: =IF(VLOOKUP($A14,Sheet1!$A$3:$AW$699,20,FALSE)="","",VLOOKUP($A14,Sheet1!$A$3:$AW$699,20,FALSE)) -> DO1Configuration | C14: =IF(VLOOKUP($A14,Sheet1!$A$3:$AW$699,25,FALSE)="","",VLOOKUP($A14,Sheet1!$A$3:$AW$699,25,FALSE)) -> All | D14: =IF(VLOOKUP($A14,Sheet1!$A$3:$AW$699,15,FALSE)="","",VLOOKUP($A14,Sheet1!$A$3:$AW$699,15,FALSE)) -> 0x0000 | E14: =IF(VLOOKUP($A14,Sheet1!$A$3:$AW$699,16,FALSE)="","",VLOOKUP($A14,Sheet1!$A$3:$AW$699,16,FALSE)) -> 0x013F | F14: =IF(VLOOKUP($A14,Sheet1!$A$3:$AW$699,17,FALSE)="","",VLOOKUP($A14,Sheet1!$A$3:$AW$699,17,FALSE)) -> 0x0100 | G14: =IF(VLOOKUP($A14,Sheet1!$A$3:$AW$699,18,FALSE)="","",VLOOKUP($A14,Sheet1!$A$3:$AW$699,18,FALSE)) | H14: =IF(VLOOKUP($A14,Sheet1!$A$3:$AW$699,19,FALSE)="","",VLOOKUP($A14,Sheet1!$A$3:$AW$699,19,FALSE)) | I14: =IF(VLOOKUP($A14,Sheet1!$A$3:$AW$699,5,FALSE)="","",VLOOKUP($A14,Sheet1!$A$3:$AW$699,5,FALSE)) -> UINT | J14: Digital Output 1 Configuration Selects the DO function (YX) and function of the NO or NC contact (Z). When parameters are modified, re-start the servo drive so that it can function normally. See Description of Digital Output Function in the user manual. YX: Output function See Description of Digital Output Functions in the user manual. Z: Input contact NO or NC 0=normally closed (NC contact) 1=normally open (NO contact) U: reserved | K14: 6-IO | L14: =IF(VLOOKUP($A14,Sheet1!$A$3:$AW$699,7,FALSE)="★","x","") | M14: =IF(VLOOKUP($A14,Sheet1!$A$3:$AW$699,8,FALSE)="▲","x","") | N14: =IF(VLOOKUP($A14,Sheet1!$A$3:$AW$699,9,FALSE)="●","x","") | O14: =IF(VLOOKUP($A14,Sheet1!$A$3:$AW$699,10,FALSE)="■","x","") | P14: =IF(VLOOKUP($A14,Sheet1!$A$3:$AW$699,2,FALSE)="","",VLOOKUP($A14,Sheet1!$A$3:$AW$699,2,FALSE)) -> P2.018
A15: 204 | B15: =IF(VLOOKUP($A15,Sheet1!$A$3:$AW$699,20,FALSE)="","",VLOOKUP($A15,Sheet1!$A$3:$AW$699,20,FALSE)) -> DO2Configuration | C15: =IF(VLOOKUP($A15,Sheet1!$A$3:$AW$699,25,FALSE)="","",VLOOKUP($A15,Sheet1!$A$3:$AW$699,25,FALSE)) -> All | D15: =IF(VLOOKUP($A15,Sheet1!$A$3:$AW$699,15,FALSE)="","",VLOOKUP($A15,Sheet1!$A$3:$AW$699,15,FALSE)) -> 0x0000 | E15: =IF(VLOOKUP($A15,Sheet1!$A$3:$AW$699,16,FALSE)="","",VLOOKUP($A15,Sheet1!$A$3:$AW$699,16,FALSE)) -> 0x013F | F15: =IF(VLOOKUP($A15,Sheet1!$A$3:$AW$699,17,FALSE)="","",VLOOKUP($A15,Sheet1!$A$3:$AW$699,17,FALSE)) -> 0x0100 | G15: =IF(VLOOKUP($A15,Sheet1!$A$3:$AW$699,18,FALSE)="","",VLOOKUP($A15,Sheet1!$A$3:$AW$699,18,FALSE)) | H15: =IF(VLOOKUP($A15,Sheet1!$A$3:$AW$699,19,FALSE)="","",VLOOKUP($A15,Sheet1!$A$3:$AW$699,19,FALSE)) | I15: =IF(VLOOKUP($A15,Sheet1!$A$3:$AW$699,5,FALSE)="","",VLOOKUP($A15,Sheet1!$A$3:$AW$699,5,FALSE)) -> UINT | J15: Digital Output 2 Configuration Selects the DO function (YX) and function of the NO or NC contact (Z). When parameters are modified, re-start the servo drive so that it can function normally. See Description of Digital Output Function in the user manual. YX: Output function See Description of Digital Output Functions in the user manual. Z: Input contact NO or NC 0=normally closed (NC contact) 1=normally open (NO contact) U: reserved | K15: 6-IO | L15: =IF(VLOOKUP($A15,Sheet1!$A$3:$AW$699,7,FALSE)="★","x","") | M15: =IF(VLOOKUP($A15,Sheet1!$A$3:$AW$699,8,FALSE)="▲","x","") | N15: =IF(VLOOKUP($A15,Sheet1!$A$3:$AW$699,9,FALSE)="●","x","") | O15: =IF(VLOOKUP($A15,Sheet1!$A$3:$AW$699,10,FALSE)="■","x","") | P15: =IF(VLOOKUP($A15,Sheet1!$A$3:$AW$699,2,FALSE)="","",VLOOKUP($A15,Sheet1!$A$3:$AW$699,2,FALSE)) -> P2.019
A16: 205 | B16: =IF(VLOOKUP($A16,Sheet1!$A$3:$AW$699,20,FALSE)="","",VLOOKUP($A16,Sheet1!$A$3:$AW$699,20,FALSE)) -> DO3Configuration | C16: =IF(VLOOKUP($A16,Sheet1!$A$3:$AW$699,25,FALSE)="","",VLOOKUP($A16,Sheet1!$A$3:$AW$699,25,FALSE)) -> All | D16: =IF(VLOOKUP($A16,Sheet1!$A$3:$AW$699,15,FALSE)="","",VLOOKUP($A16,Sheet1!$A$3:$AW$699,15,FALSE)) -> 0x0000 | E16: =IF(VLOOKUP($A16,Sheet1!$A$3:$AW$699,16,FALSE)="","",VLOOKUP($A16,Sheet1!$A$3:$AW$699,16,FALSE)) -> 0x013F | F16: =IF(VLOOKUP($A16,Sheet1!$A$3:$AW$699,17,FALSE)="","",VLOOKUP($A16,Sheet1!$A$3:$AW$699,17,FALSE)) -> 0x0100 | G16: =IF(VLOOKUP($A16,Sheet1!$A$3:$AW$699,18,FALSE)="","",VLOOKUP($A16,Sheet1!$A$3:$AW$699,18,FALSE)) | H16: =IF(VLOOKUP($A16,Sheet1!$A$3:$AW$699,19,FALSE)="","",VLOOKUP($A16,Sheet1!$A$3:$AW$699,19,FALSE)) | I16: =IF(VLOOKUP($A16,Sheet1!$A$3:$AW$699,5,FALSE)="","",VLOOKUP($A16,Sheet1!$A$3:$AW$699,5,FALSE)) -> UINT | J16: Digital Output 3 Configuration Selects the DO function (YX) and function of the NO or NC contact (Z). When parameters are modified, re-start the servo drive so that it can function normally. See Description of Digital Output Function in the user manual. YX: Output function See Description of Digital Output Functions in the user manual. Z: Input contact NO or NC 0=normally closed (NC contact) 1=normally open (NO contact) U: reserved | K16: 6-IO | L16: =IF(VLOOKUP($A16,Sheet1!$A$3:$AW$699,7,FALSE)="★","x","") | M16: =IF(VLOOKUP($A16,Sheet1!$A$3:$AW$699,8,FALSE)="▲","x","") | N16: =IF(VLOOKUP($A16,Sheet1!$A$3:$AW$699,9,FALSE)="●","x","") | O16: =IF(VLOOKUP($A16,Sheet1!$A$3:$AW$699,10,FALSE)="■","x","") | P16: =IF(VLOOKUP($A16,Sheet1!$A$3:$AW$699,2,FALSE)="","",VLOOKUP($A16,Sheet1!$A$3:$AW$699,2,FALSE)) -> P2.020
... A29: 283 | B29: =IF(VLOOKUP($A29,Sheet1!$A$3:$AW$699,20,FALSE)="","",VLOOKUP($A29,Sheet1!$A$3:$AW$699,20,FALSE)) -> DOStatus | C29: =IF(VLOOKUP($A29,Sheet1!$A$3:$AW$699,25,FALSE)="","",VLOOKUP($A29,Sheet1!$A$3:$AW$699,25,FALSE)) -> All | D29: =IF(VLOOKUP($A29,Sheet1!$A$3:$AW$699,15,FALSE)="","",VLOOKUP($A29,Sheet1!$A$3:$AW$699,15,FALSE)) -> 0x0000 | E29: =IF(VLOOKUP($A29,Sheet1!$A$3:$AW$699,16,FALSE)="","",VLOOKUP($A29,Sheet1!$A$3:$AW$699,16,FALSE)) -> 0x003F | F29: =IF(VLOOKUP($A29,Sheet1!$A$3:$AW$699,17,FALSE)="","",VLOOKUP($A29,Sheet1!$A$3:$AW$699,17,FALSE)) -> 0x0000 | G29: =IF(VLOOKUP($A29,Sheet1!$A$3:$AW$699,18,FALSE)="","",VLOOKUP($A29,Sheet1!$A$3:$AW$699,18,FALSE)) | H29: =IF(VLOOKUP($A29,Sheet1!$A$3:$AW$699,19,FALSE)="","",VLOOKUP($A29,Sheet1!$A$3:$AW$699,19,FALSE)) | I29: =IF(VLOOKUP($A29,Sheet1!$A$3:$AW$699,5,FALSE)="","",VLOOKUP($A29,Sheet1!$A$3:$AW$699,5,FALSE)) -> UINT | J29: Digital Output Status | K29: 6-IO | L29: =IF(VLOOKUP($A29,Sheet1!$A$3:$AW$699,7,FALSE)="★","x","") -> x | M29: =IF(VLOOKUP($A29,Sheet1!$A$3:$AW$699,8,FALSE)="▲","x","") | N29: =IF(VLOOKUP($A29,Sheet1!$A$3:$AW$699,9,FALSE)="●","x","") | O29: =IF(VLOOKUP($A29,Sheet1!$A$3:$AW$699,10,FALSE)="■","x","") -> x | P29: =IF(VLOOKUP($A29,Sheet1!$A$3:$AW$699,2,FALSE)="","",VLOOKUP($A29,Sheet1!$A$3:$AW$699,2,FALSE)) -> P4.009

Sheet 7 - Communication
A1: Kinetix 5100 Servo Drive Parameters For more information see:
A2: Kinetix 5100 Servo Drive User Manual, publication 2198-UM004
A4: ID | B4: Name | C4: Control Mode | D4: Min. | E4: Max. | F4: Default Value | G4: Precision | H4: Units | I4: Data Type | J4: Comments | K4: Groups | L4: Read-only | M4: Set When Servo Off | N4: Valid After Power Cycle | O4: Volatile Parameter | P4: Parameter Number
A5: 267 | B5: =IF(VLOOKUP($A5,Sheet1!$A$3:$AW$699,20,FALSE)="","",VLOOKUP($A5,Sheet1!$A$3:$AW$699,20,FALSE)) -> USBCommTimeout | C5: =IF(VLOOKUP($A5,Sheet1!$A$3:$AW$699,25,FALSE)="","",VLOOKUP($A5,Sheet1!$A$3:$AW$699,25,FALSE)) -> All | D5: =IF(VLOOKUP($A5,Sheet1!$A$3:$AW$699,15,FALSE)="","",VLOOKUP($A5,Sheet1!$A$3:$AW$699,15,FALSE)) -> 0 | E5: =IF(VLOOKUP($A5,Sheet1!$A$3:$AW$699,16,FALSE)="","",VLOOKUP($A5,Sheet1!$A$3:$AW$699,16,FALSE)) -> 20 | F5: =IF(VLOOKUP($A5,Sheet1!$A$3:$AW$699,17,FALSE)="","",VLOOKUP($A5,Sheet1!$A$3:$AW$699,17,FALSE)) -> 0 | G5: =IF(VLOOKUP($A5,Sheet1!$A$3:$AW$699,18,FALSE)="","",VLOOKUP($A5,Sheet1!$A$3:$AW$699,18,FALSE)) | H5: =IF(VLOOKUP($A5,Sheet1!$A$3:$AW$699,19,FALSE)="","",VLOOKUP($A5,Sheet1!$A$3:$AW$699,19,FALSE)) -> s | I5: =IF(VLOOKUP($A5,Sheet1!$A$3:$AW$699,5,FALSE)="","",VLOOKUP($A5,Sheet1!$A$3:$AW$699,5,FALSE)) -> UINT | J5: USB Communication Time Out 0=Disabled 1…20=Enable communication timeout immediately | K5: 7-Communication | L5: =IF(VLOOKUP($A5,Sheet1!$A$3:$AW$699,7,FALSE)="★","x","") | M5: =IF(VLOOKUP($A5,Sheet1!$A$3:$AW$699,8,FALSE)="▲","x","") | N5: =IF(VLOOKUP($A5,Sheet1!$A$3:$AW$699,9,FALSE)="●","x","") | O5: =IF(VLOOKUP($A5,Sheet1!$A$3:$AW$699,10,FALSE)="■","x","") | P5: =IF(VLOOKUP($A5,Sheet1!$A$3:$AW$699,2,FALSE)="","",VLOOKUP($A5,Sheet1!$A$3:$AW$699,2,FALSE)) -> P3.004
A6: 269 | B6: =IF(VLOOKUP($A6,Sheet1!$A$3:$AW$699,20,FALSE)="","",VLOOKUP($A6,Sheet1!$A$3:$AW$699,20,FALSE)) -> USBCommRespDelayTime | C6: =IF(VLOOKUP($A6,Sheet1!$A$3:$AW$699,25,FALSE)="","",VLOOKUP($A6,Sheet1!$A$3:$AW$699,25,FALSE)) -> All | D6: =IF(VLOOKUP($A6,Sheet1!$A$3:$AW$699,15,FALSE)="","",VLOOKUP($A6,Sheet1!$A$3:$AW$699,15,FALSE)) -> 0 | E6: =IF(VLOOKUP($A6,Sheet1!$A$3:$AW$699,16,FALSE)="","",VLOOKUP($A6,Sheet1!$A$3:$AW$699,16,FALSE)) -> 1000 | F6: =IF(VLOOKUP($A6,Sheet1!$A$3:$AW$699,17,FALSE)="","",VLOOKUP($A6,Sheet1!$A$3:$AW$699,17,FALSE)) -> 0 | G6: =IF(VLOOKUP($A6,Sheet1!$A$3:$AW$699,18,FALSE)="","",VLOOKUP($A6,Sheet1!$A$3:$AW$699,18,FALSE)) | H6: =IF(VLOOKUP($A6,Sheet1!$A$3:$AW$699,19,FALSE)="","",VLOOKUP($A6,Sheet1!$A$3:$AW$699,19,FALSE)) -> 0.5ms | I6: =IF(VLOOKUP($A6,Sheet1!$A$3:$AW$699,5,FALSE)="","",VLOOKUP($A6,Sheet1!$A$3:$AW$699,5,FALSE)) -> UINT | J6: USB Communication Response Delay Time Delay time of the communication response from the servo drive to the controller. | K6: 7-Communication | L6: =IF(VLOOKUP($A6,Sheet1!$A$3:$AW$699,7,FALSE)="★","x","") | M6: =IF(VLOOKUP($A6,Sheet1!$A$3:$AW$699,8,FALSE)="▲","x","") | N6: =IF(VLOOKUP($A6,Sheet1!$A$3:$AW$699,9,FALSE)="●","x","") | O6: =IF(VLOOKUP($A6,Sheet1!$A$3:$AW$699,10,FALSE)="■","x","") | P6: =IF(VLOOKUP($A6,Sheet1!$A$3:$AW$699,2,FALSE)="","",VLOOKUP($A6,Sheet1!$A$3:$AW$699,2,FALSE)) -> P3.007
A7: 270 | B7: =IF(VLOOKUP($A7,Sheet1!$A$3:$AW$699,20,FALSE)="","",VLOOKUP($A7,Sheet1!$A$3:$AW$699,20,FALSE)) -> IPAddress | C7: =IF(VLOOKUP($A7,Sheet1!$A$3:$AW$699,25,FALSE)="","",VLOOKUP($A7,Sheet1!$A$3:$AW$699,25,FALSE)) -> All | D7: =IF(VLOOKUP($A7,Sheet1!$A$3:$AW$699,15,FALSE)="","",VLOOKUP($A7,Sheet1!$A$3:$AW$699,15,FALSE)) -> 0 | E7: =IF(VLOOKUP($A7,Sheet1!$A$3:$AW$699,16,FALSE)="","",VLOOKUP($A7,Sheet1!$A$3:$AW$699,16,FALSE)) -> 0xFFFFFFFF | F7: =IF(VLOOKUP($A7,Sheet1!$A$3:$AW$699,17,FALSE)="","",VLOOKUP($A7,Sheet1!$A$3:$AW$699,17,FALSE)) -> 0xC0A80101 | G7: =IF(VLOOKUP($A7,Sheet1!$A$3:$AW$699,18,FALSE)="","",VLOOKUP($A7,Sheet1!$A$3:$AW$699,18,FALSE)) | H7: =IF(VLOOKUP($A7,Sheet1!$A$3:$AW$699,19,FALSE)="","",VLOOKUP($A7,Sheet1!$A$3:$AW$699,19,FALSE)) | I7: =IF(VLOOKUP($A7,Sheet1!$A$3:$AW$699,5,FALSE)="","",VLOOKUP($A7,Sheet1!$A$3:$AW$699,5,FALSE)) -> UDINT | J7: IP Address | K7: 7-Communication 11-System | L7: =IF(VLOOKUP($A7,Sheet1!$A$3:$AW$699,7,FALSE)="★","x","") | M7: =IF(VLOOKUP($A7,Sheet1!$A$3:$AW$699,8,FALSE)="▲","x","") -> x | N7: =IF(VLOOKUP($A7,Sheet1!$A$3:$AW$699,9,FALSE)="●","x","") -> x | O7: =IF(VLOOKUP($A7,Sheet1!$A$3:$AW$699,10,FALSE)="■","x","") | P7: =IF(VLOOKUP($A7,Sheet1!$A$3:$AW$699,2,FALSE)="","",VLOOKUP($A7,Sheet1!$A$3:$AW$699,2,FALSE)) -> P3.039
A8: 271 | B8: =IF(VLOOKUP($A8,Sheet1!$A$3:$AW$699,20,FALSE)="","",VLOOKUP($A8,Sheet1!$A$3:$AW$699,20,FALSE)) -> SubnetMask | C8: =IF(VLOOKUP($A8,Sheet1!$A$3:$AW$699,25,FALSE)="","",VLOOKUP($A8,Sheet1!$A$3:$AW$699,25,FALSE)) -> All | D8: =IF(VLOOKUP($A8,Sheet1!$A$3:$AW$699,15,FALSE)="","",VLOOKUP($A8,Sheet1!$A$3:$AW$699,15,FALSE)) -> 0 | E8: =IF(VLOOKUP($A8,Sheet1!$A$3:$AW$699,16,FALSE)="","",VLOOKUP($A8,Sheet1!$A$3:$AW$699,16,FALSE)) -> 0xFFFFFFFF | F8: =IF(VLOOKUP($A8,Sheet1!$A$3:$AW$699,17,FALSE)="","",VLOOKUP($A8,Sheet1!$A$3:$AW$699,17,FALSE)) -> 0xFFFFFF00 | G8: =IF(VLOOKUP($A8,Sheet1!$A$3:$AW$699,18,FALSE)="","",VLOOKUP($A8,Sheet1!$A$3:$AW$699,18,FALSE)) | H8: =IF(VLOOKUP($A8,Sheet1!$A$3:$AW$699,19,FALSE)="","",VLOOKUP($A8,Sheet1!$A$3:$AW$699,19,FALSE)) | I8: =IF(VLOOKUP($A8,Sheet1!$A$3:$AW$699,5,FALSE)="","",VLOOKUP($A8,Sheet1!$A$3:$AW$699,5,FALSE)) -> UDINT | J8: Subnet Mask | K8: 7-Communication 11-System | L8: =IF(VLOOKUP($A8,Sheet1!$A$3:$AW$699,7,FALSE)="★","x","") | M8: =IF(VLOOKUP($A8,Sheet1!$A$3:$AW$699,8,FALSE)="▲","x","") -> x | N8: =IF(VLOOKUP($A8,Sheet1!$A$3:$AW$699,9,FALSE)="●","x","") -> x | O8: =IF(VLOOKUP($A8,Sheet1!$A$3:$AW$699,10,FALSE)="■","x","") | P8: =IF(VLOOKUP($A8,Sheet1!$A$3:$AW$699,2,FALSE)="","",VLOOKUP($A8,Sheet1!$A$3:$AW$699,2,FALSE)) -> P3.040
A9: 272 | B9: =IF(VLOOKUP($A9,Sheet1!$A$3:$AW$699,20,FALSE)="","",VLOOKUP($A9,Sheet1!$A$3:$AW$699,20,FALSE)) -> DefaultGateway | C9: =IF(VLOOKUP($A9,Sheet1!$A$3:$AW$699,25,FALSE)="","",VLOOKUP($A9,Sheet1!$A$3:$AW$699,25,FALSE)) -> All | D9: =IF(VLOOKUP($A9,Sheet1!$A$3:$AW$699,15,FALSE)="","",VLOOKUP($A9,Sheet1!$A$3:$AW$699,15,FALSE)) -> 0 | E9: =IF(VLOOKUP($A9,Sheet1!$A$3:$AW$699,16,FALSE)="","",VLOOKUP($A9,Sheet1!$A$3:$AW$699,16,FALSE)) -> 0xFFFFFFFF | F9: =IF(VLOOKUP($A9,Sheet1!$A$3:$AW$699,17,FALSE)="","",VLOOKUP($A9,Sheet1!$A$3:$AW$699,17,FALSE)) -> 0xC0A801FE | G9: =IF(VLOOKUP($A9,Sheet1!$A$3:$AW$699,18,FALSE)="","",VLOOKUP($A9,Sheet1!$A$3:$AW$699,18,FALSE)) | H9: =IF(VLOOKUP($A9,Sheet1!$A$3:$AW$699,19,FALSE)="","",VLOOKUP($A9,Sheet1!$A$3:$AW$699,19,FALSE)) | I9: =IF(VLOOKUP($A9,Sheet1!$A$3:$AW$699,5,FALSE)="","",VLOOKUP($A9,Sheet1!$A$3:$AW$699,5,FALSE)) -> UDINT | J9: Default Gateway | K9: 7-Communication 11-System | L9: =IF(VLOOKUP($A9,Sheet1!$A$3:$AW$699,7,FALSE)="★","x","") | M9: =IF(VLOOKUP($A9,Sheet1!$A$3:$AW$699,8,FALSE)="▲","x","") -> x | N9: =IF(VLOOKUP($A9,Sheet1!$A$3:$AW$699,9,FALSE)="●","x","") -> x | O9: =IF(VLOOKUP($A9,Sheet1!$A$3:$AW$699,10,FALSE)="■","x","") | P9: =IF(VLOOKUP($A9,Sheet1!$A$3:$AW$699,2,FALSE)="","",VLOOKUP($A9,Sheet1!$A$3:$AW$699,2,FALSE)) -> P3.041
A10: 273 | B10: =IF(VLOOKUP($A10,Sheet1!$A$3:$AW$699,20,FALSE)="","",VLOOKUP($A10,Sheet1!$A$3:$AW$699,20,FALSE)) -> DHCPEnable | C10: =IF(VLOOKUP($A10,Sheet1!$A$3:$AW$699,25,FALSE)="","",VLOOKUP($A10,Sheet1!$A$3:$AW$699,25,FALSE)) -> All | D10: =IF(VLOOKUP($A10,Sheet1!$A$3:$AW$699,15,FALSE)="","",VLOOKUP($A10,Sheet1!$A$3:$AW$699,15,FALSE)) -> 0 | E10: =IF(VLOOKUP($A10,Sheet1!$A$3:$AW$699,16,FALSE)="","",VLOOKUP($A10,Sheet1!$A$3:$AW$699,16,FALSE)) -> 1 | F10: =IF(VLOOKUP($A10,Sheet1!$A$3:$AW$699,17,FALSE)="","",VLOOKUP($A10,Sheet1!$A$3:$AW$699,17,FALSE)) -> 0 | G10: =IF(VLOOKUP($A10,Sheet1!$A$3:$AW$699,18,FALSE)="","",VLOOKUP($A10,Sheet1!$A$3:$AW$699,18,FALSE)) | H10: =IF(VLOOKUP($A10,Sheet1!$A$3:$AW$699,19,FALSE)="","",VLOOKUP($A10,Sheet1!$A$3:$AW$699,19,FALSE)) | I10: =IF(VLOOKUP($A10,Sheet1!$A$3:$AW$699,5,FALSE)="","",VLOOKUP($A10,Sheet1!$A$3:$AW$699,5,FALSE)) -> UDINT | J10: DHCP Enable 0=Disable 1= Enable | K10: 7-Communication 11-System | L10: =IF(VLOOKUP($A10,Sheet1!$A$3:$AW$699,7,FALSE)="★","x","") | M10: =IF(VLOOKUP($A10,Sheet1!$A$3:$AW$699,8,FALSE)="▲","x","") -> x | N10: =IF(VLOOKUP($A10,Sheet1!$A$3:$AW$699,9,FALSE)="●","x","") -> x | O10: =IF(VLOOKUP($A10,Sheet1!$A$3:$AW$699,10,FALSE)="■","x","") | P10: =IF(VLOOKUP($A10,Sheet1!$A$3:$AW$699,2,FALSE)="","",VLOOKUP($A10,Sheet1!$A$3:$AW$699,2,FALSE)) -> P3.042
A11: 650 | B11: =IF(VLOOKUP($A11,Sheet1!$A$3:$AW$699,20,FALSE)="","",VLOOKUP($A11,Sheet1!$A$3:$AW$699,20,FALSE)) -> EnableCommunicationPorts | C11: =IF(VLOOKUP($A11,Sheet1!$A$3:$AW$699,25,FALSE)="","",VLOOKUP($A11,Sheet1!$A$3:$AW$699,25,FALSE)) -> All | D11: =IF(VLOOKUP($A11,Sheet1!$A$3:$AW$699,15,FALSE)="","",VLOOKUP($A11,Sheet1!$A$3:$AW$699,15,FALSE)) -> 0 | E11: =IF(VLOOKUP($A11,Sheet1!$A$3:$AW$699,16,FALSE)="","",VLOOKUP($A11,Sheet1!$A$3:$AW$699,16,FALSE)) -> 0xC107 | F11: =IF(VLOOKUP($A11,Sheet1!$A$3:$AW$699,17,FALSE)="","",VLOOKUP($A11,Sheet1!$A$3:$AW$699,17,FALSE)) -> 0x0007 | G11: =IF(VLOOKUP($A11,Sheet1!$A$3:$AW$699,18,FALSE)="","",VLOOKUP($A11,Sheet1!$A$3:$AW$699,18,FALSE)) | H11: =IF(VLOOKUP($A11,Sheet1!$A$3:$AW$699,19,FALSE)="","",VLOOKUP($A11,Sheet1!$A$3:$AW$699,19,FALSE)) | I11: =IF(VLOOKUP($A11,Sheet1!$A$3:$AW$699,5,FALSE)="","",VLOOKUP($A11,Sheet1!$A$3:$AW$699,5,FALSE)) -> UINT | J11: Enable Communication Ports Byte 0: Port status (0 – disabled; 1 - Enabled) - Bit 0: EIP Port 1 - Bit 1: EIP Port 2 - Bit 2: USB Port Byte 1: Configure selection (return 0 if read) - Bit 6-7: Port Selection (01-Port 1; 10-Port 2; 11–USB port) - Bit 0: Action (0 – disable; 1 – enable) 1. Write 0xC100 to enable USB port, 0xC000 to disable USB port. 2. Write 0x4100 to enable EIP port1, 0x4000 to disable EIP port1. 3. Write 0x8100 to enable EIP port2, 0x8000 to disable EIP port2. | K11: 7-Communication | L11: =IF(VLOOKUP($A11,Sheet1!$A$3:$AW$699,7,FALSE)="★","x","") | M11: =IF(VLOOKUP($A11,Sheet1!$A$3:$AW$699,8,FALSE)="▲","x","") -> x | N11: =IF(VLOOKUP($A11,Sheet1!$A$3:$AW$699,9,FALSE)="●","x","") | O11: =IF(VLOOKUP($A11,Sheet1!$A$3:$AW$699,10,FALSE)="■","x","") | P11: =IF(VLOOKUP($A11,Sheet1!$A$3:$AW$699,2,FALSE)="","",VLOOKUP($A11,Sheet1!$A$3:$AW$699,2,FALSE)) -> PN.026

Sheet 8 - Diagnosis
A1: Kinetix 5100 Servo Drive Parameters For more information see:
A2: Kinetix 5100 Servo Drive User Manual, publication 2198-UM004
A4: ID | B4: Name | C4: Control Mode | D4: Min. | E4: Max. | F4: Default Value | G4: Precision | H4: Units | I4: Data Type | J4: Comments | K4: Groups | L4: Read-only | M4: Set When Servo Off | N4: Valid After Power Cycle | O4: Volatile Parameter | P4: Parameter Number
A5: 101 | B5: =IF(VLOOKUP($A5,Sheet1!$A$3:$AW$699,20,FALSE)="","",VLOOKUP($A5,Sheet1!$A$3:$AW$699,20,FALSE)) -> FltWarnCode | C5: =IF(VLOOKUP($A5,Sheet1!$A$3:$AW$699,25,FALSE)="","",VLOOKUP($A5,Sheet1!$A$3:$AW$699,25,FALSE)) -> All | D5: =IF(VLOOKUP($A5,Sheet1!$A$3:$AW$699,15,FALSE)="","",VLOOKUP($A5,Sheet1!$A$3:$AW$699,15,FALSE)) -> 0x0000 | E5: =IF(VLOOKUP($A5,Sheet1!$A$3:$AW$699,16,FALSE)="","",VLOOKUP($A5,Sheet1!$A$3:$AW$699,16,FALSE)) -> 0xFFFF | F5: =IF(VLOOKUP($A5,Sheet1!$A$3:$AW$699,17,FALSE)="","",VLOOKUP($A5,Sheet1!$A$3:$AW$699,17,FALSE)) -> 0x0000 | G5: =IF(VLOOKUP($A5,Sheet1!$A$3:$AW$699,18,FALSE)="","",VLOOKUP($A5,Sheet1!$A$3:$AW$699,18,FALSE)) | H5: =IF(VLOOKUP($A5,Sheet1!$A$3:$AW$699,19,FALSE)="","",VLOOKUP($A5,Sheet1!$A$3:$AW$699,19,FALSE)) | I5: =IF(VLOOKUP($A5,Sheet1!$A$3:$AW$699,5,FALSE)="","",VLOOKUP($A5,Sheet1!$A$3:$AW$699,5,FALSE)) -> UINT | J5: Fault/Warning Code 0X0000=Fault Reset (same operation as DI.ARST) 0x0001…0xFFFF=Displays fault/warning code | K5: 8-Diagnosis | L5: =IF(VLOOKUP($A5,Sheet1!$A$3:$AW$699,7,FALSE)="★","x","") | M5: =IF(VLOOKUP($A5,Sheet1!$A$3:$AW$699,8,FALSE)="▲","x","") | N5: =IF(VLOOKUP($A5,Sheet1!$A$3:$AW$699,9,FALSE)="●","x","") | O5: =IF(VLOOKUP($A5,Sheet1!$A$3:$AW$699,10,FALSE)="■","x","") -> x | P5: =IF(VLOOKUP($A5,Sheet1!$A$3:$AW$699,2,FALSE)="","",VLOOKUP($A5,Sheet1!$A$3:$AW$699,2,FALSE)) -> P0.001
A6: 104 | B6: =IF(VLOOKUP($A6,Sheet1!$A$3:$AW$699,20,FALSE)="","",VLOOKUP($A6,Sheet1!$A$3:$AW$699,20,FALSE)) -> PowerOnTime | C6: =IF(VLOOKUP($A6,Sheet1!$A$3:$AW$699,25,FALSE)="","",VLOOKUP($A6,Sheet1!$A$3:$AW$699,25,FALSE)) -> All | D6: =IF(VLOOKUP($A6,Sheet1!$A$3:$AW$699,15,FALSE)="","",VLOOKUP($A6,Sheet1!$A$3:$AW$699,15,FALSE)) -> 0x00000000 | E6: =IF(VLOOKUP($A6,Sheet1!$A$3:$AW$699,16,FALSE)="","",VLOOKUP($A6,Sheet1!$A$3:$AW$699,16,FALSE)) -> 0xFFFFFFFF | F6: =IF(VLOOKUP($A6,Sheet1!$A$3:$AW$699,17,FALSE)="","",VLOOKUP($A6,Sheet1!$A$3:$AW$699,17,FALSE)) -> 0x00000000 | G6: =IF(VLOOKUP($A6,Sheet1!$A$3:$AW$699,18,FALSE)="","",VLOOKUP($A6,Sheet1!$A$3:$AW$699,18,FALSE)) | H6: =IF(VLOOKUP($A6,Sheet1!$A$3:$AW$699,19,FALSE)="","",VLOOKUP($A6,Sheet1!$A$3:$AW$699,19,FALSE)) -> Hour | I6: =IF(VLOOKUP($A6,Sheet1!$A$3:$AW$699,5,FALSE)="","",VLOOKUP($A6,Sheet1!$A$3:$AW$699,5,FALSE)) -> UDINT | J6: Power On Time Shows the total operation time of the servo drive. The unit is by hour and durations less than 1 hour are not recorded. The recorded hours are saved when the servo is power off. DCBA (high word): Servo on time UZYX (Low word): Power on time | K6: 8-Diagnosis | L6: =IF(VLOOKUP($A6,Sheet1!$A$3:$AW$699,7,FALSE)="★","x","") -> x | M6: =IF(VLOOKUP($A6,Sheet1!$A$3:$AW$699,8,FALSE)="▲","x","") | N6: =IF(VLOOKUP($A6,Sheet1!$A$3:$AW$699,9,FALSE)="●","x","") | O6: =IF(VLOOKUP($A6,Sheet1!$A$3:$AW$699,10,FALSE)="■","x","") | P6: =IF(VLOOKUP($A6,Sheet1!$A$3:$AW$699,2,FALSE)="","",VLOOKUP($A6,Sheet1!$A$3:$AW$699,2,FALSE)) -> P0.008
A7: 109 | B7: =IF(VLOOKUP($A7,Sheet1!$A$3:$AW$699,20,FALSE)="","",VLOOKUP($A7,Sheet1!$A$3:$AW$699,20,FALSE)) -> AbsSysStatus | C7: =IF(VLOOKUP($A7,Sheet1!$A$3:$AW$699,25,FALSE)="","",VLOOKUP($A7,Sheet1!$A$3:$AW$699,25,FALSE)) -> All | D7: =IF(VLOOKUP($A7,Sheet1!$A$3:$AW$699,15,FALSE)="","",VLOOKUP($A7,Sheet1!$A$3:$AW$699,15,FALSE)) -> 0x0000 | E7: =IF(VLOOKUP($A7,Sheet1!$A$3:$AW$699,16,FALSE)="","",VLOOKUP($A7,Sheet1!$A$3:$AW$699,16,FALSE)) -> 0x001F | F7: =IF(VLOOKUP($A7,Sheet1!$A$3:$AW$699,17,FALSE)="","",VLOOKUP($A7,Sheet1!$A$3:$AW$699,17,FALSE)) -> 0x0000 | G7: =IF(VLOOKUP($A7,Sheet1!$A$3:$AW$699,18,FALSE)="","",VLOOKUP($A7,Sheet1!$A$3:$AW$699,18,FALSE)) | H7: =IF(VLOOKUP($A7,Sheet1!$A$3:$AW$699,19,FALSE)="","",VLOOKUP($A7,Sheet1!$A$3:$AW$699,19,FALSE)) | I7: =IF(VLOOKUP($A7,Sheet1!$A$3:$AW$699,5,FALSE)="","",VLOOKUP($A7,Sheet1!$A$3:$AW$699,5,FALSE)) -> UINT | J7: Absolute System Status Bit 0: 1=absolute position lost 0=normal Bit 1: 1=battery undervoltage 0=normal Bit 2: 1=absolute multi-turn is overflowing 0=normal Bit 3: 1=PUU is overflowing 0=normal Bit 4: 1=absolute coordinate has not been set 0=normal Bit 5 …Bit 15=reserved (0) | K7: 8-Diagnosis | L7: =IF(VLOOKUP($A7,Sheet1!$A$3:$AW$699,7,FALSE)="★","x","") -> x | M7: =IF(VLOOKUP($A7,Sheet1!$A$3:$AW$699,8,FALSE)="▲","x","") | N7: =IF(VLOOKUP($A7,Sheet1!$A$3:$AW$699,9,FALSE)="●","x","") | O7: =IF(VLOOKUP($A7,Sheet1!$A$3:$AW$699,10,FALSE)="■","x","") -> x | P7: =IF(VLOOKUP($A7,Sheet1!$A$3:$AW$699,2,FALSE)="","",VLOOKUP($A7,Sheet1!$A$3:$AW$699,2,FALSE)) -> P0.050
A8: 115 | B8: =IF(VLOOKUP($A8,Sheet1!$A$3:$AW$699,20,FALSE)="","",VLOOKUP($A8,Sheet1!$A$3:$AW$699,20,FALSE)) -> Exceed400VDuration | C8: =IF(VLOOKUP($A8,Sheet1!$A$3:$AW$699,25,FALSE)="","",VLOOKUP($A8,Sheet1!$A$3:$AW$699,25,FALSE)) -> All | D8: =IF(VLOOKUP($A8,Sheet1!$A$3:$AW$699,15,FALSE)="","",VLOOKUP($A8,Sheet1!$A$3:$AW$699,15,FALSE)) -> 0 | E8: =IF(VLOOKUP($A8,Sheet1!$A$3:$AW$699,16,FALSE)="","",VLOOKUP($A8,Sheet1!$A$3:$AW$699,16,FALSE)) -> 2147483647 | F8: =IF(VLOOKUP($A8,Sheet1!$A$3:$AW$699,17,FALSE)="","",VLOOKUP($A8,Sheet1!$A$3:$AW$699,17,FALSE)) -> 0 | G8: =IF(VLOOKUP($A8,Sheet1!$A$3:$AW$699,18,FALSE)="","",VLOOKUP($A8,Sheet1!$A$3:$AW$699,18,FALSE)) | H8: =IF(VLOOKUP($A8,Sheet1!$A$3:$AW$699,19,FALSE)="","",VLOOKUP($A8,Sheet1!$A$3:$AW$699,19,FALSE)) -> ms | I8: =IF(VLOOKUP($A8,Sheet1!$A$3:$AW$699,5,FALSE)="","",VLOOKUP($A8,Sheet1!$A$3:$AW$699,5,FALSE)) -> DINT | J8: Exceed 400V Duration Records the length of time that the DC bus voltage exceeded 400V. | K8: 8-Diagnosis | L8: =IF(VLOOKUP($A8,Sheet1!$A$3:$AW$699,7,FALSE)="★","x","") -> x | M8: =IF(VLOOKUP($A8,Sheet1!$A$3:$AW$699,8,FALSE)="▲","x","") | N8: =IF(VLOOKUP($A8,Sheet1!$A$3:$AW$699,9,FALSE)="●","x","") | O8: =IF(VLOOKUP($A8,Sheet1!$A$3:$AW$699,10,FALSE)="■","x","") | P8: =IF(VLOOKUP($A8,Sheet1!$A$3:$AW$699,2,FALSE)="","",VLOOKUP($A8,Sheet1!$A$3:$AW$699,2,FALSE)) -> P0.063
A9: 274 | B9: =IF(VLOOKUP($A9,Sheet1!$A$3:$AW$699,20,FALSE)="","",VLOOKUP($A9,Sheet1!$A$3:$AW$699,20,FALSE)) -> FaultRecordN | C9: =IF(VLOOKUP($A9,Sheet1!$A$3:$AW$699,25,FALSE)="","",VLOOKUP($A9,Sheet1!$A$3:$AW$699,25,FALSE)) -> All | D9: =IF(VLOOKUP($A9,Sheet1!$A$3:$AW$699,15,FALSE)="","",VLOOKUP($A9,Sheet1!$A$3:$AW$699,15,FALSE)) -> 0x00000000 | E9: =IF(VLOOKUP($A9,Sheet1!$A$3:$AW$699,16,FALSE)="","",VLOOKUP($A9,Sheet1!$A$3:$AW$699,16,FALSE)) -> 0xFFFFFFFF | F9: =IF(VLOOKUP($A9,Sheet1!$A$3:$AW$699,17,FALSE)="","",VLOOKUP($A9,Sheet1!$A$3:$AW$699,17,FALSE)) -> 0x00000000 | G9: =IF(VLOOKUP($A9,Sheet1!$A$3:$AW$699,18,FALSE)="","",VLOOKUP($A9,Sheet1!$A$3:$AW$699,18,FALSE)) | H9: =IF(VLOOKUP($A9,Sheet1!$A$3:$AW$699,19,FALSE)="","",VLOOKUP($A9,Sheet1!$A$3:$AW$699,19,FALSE)) | I9: =IF(VLOOKUP($A9,Sheet1!$A$3:$AW$699,5,FALSE)="","",VLOOKUP($A9,Sheet1!$A$3:$AW$699,5,FALSE)) -> UDINT | J9: Fault Record N The (N)th abnormal status record. 1st, 2nd, 3rd,…, (N-1)th, (N)th. The (N)th record is the most resent fault. UZYX (Low word): Display fault/warning code DCBA (high word): Reserved | K9: 8-Diagnosis | L9: =IF(VLOOKUP($A9,Sheet1!$A$3:$AW$699,7,FALSE)="★","x","") | M9: =IF(VLOOKUP($A9,Sheet1!$A$3:$AW$699,8,FALSE)="▲","x","") | N9: =IF(VLOOKUP($A9,Sheet1!$A$3:$AW$699,9,FALSE)="●","x","") | O9: =IF(VLOOKUP($A9,Sheet1!$A$3:$AW$699,10,FALSE)="■","x","") -> x | P9: =IF(VLOOKUP($A9,Sheet1!$A$3:$AW$699,2,FALSE)="","",VLOOKUP($A9,Sheet1!$A$3:$AW$699,2,FALSE)) -> P4.000
A10: 275 | B10: =IF(VLOOKUP($A10,Sheet1!$A$3:$AW$699,20,FALSE)="","",VLOOKUP($A10,Sheet1!$A$3:$AW$699,20,FALSE)) -> FaultRecordN1 | C10: =IF(VLOOKUP($A10,Sheet1!$A$3:$AW$699,25,FALSE)="","",VLOOKUP($A10,Sheet1!$A$3:$AW$699,25,FALSE)) -> All | D10: =IF(VLOOKUP($A10,Sheet1!$A$3:$AW$699,15,FALSE)="","",VLOOKUP($A10,Sheet1!$A$3:$AW$699,15,FALSE)) -> 0x00000000 | E10: =IF(VLOOKUP($A10,Sheet1!$A$3:$AW$699,16,FALSE)="","",VLOOKUP($A10,Sheet1!$A$3:$AW$699,16,FALSE)) -> 0xFFFFFFFF | F10: =IF(VLOOKUP($A10,Sheet1!$A$3:$AW$699,17,FALSE)="","",VLOOKUP($A10,Sheet1!$A$3:$AW$699,17,FALSE)) -> 0x00000000 | G10: =IF(VLOOKUP($A10,Sheet1!$A$3:$AW$699,18,FALSE)="","",VLOOKUP($A10,Sheet1!$A$3:$AW$699,18,FALSE)) | H10: =IF(VLOOKUP($A10,Sheet1!$A$3:$AW$699,19,FALSE)="","",VLOOKUP($A10,Sheet1!$A$3:$AW$699,19,FALSE)) | I10: =IF(VLOOKUP($A10,Sheet1!$A$3:$AW$699,5,FALSE)="","",VLOOKUP($A10,Sheet1!$A$3:$AW$699,5,FALSE)) -> UDINT | J10: Fault Record N-1 The (N-1)th abnormal status record. UZYX (Low word): Display fault/warning code DCBA (high word): Reserved | K10: 8-Diagnosis | L10: =IF(VLOOKUP($A10,Sheet1!$A$3:$AW$699,7,FALSE)="★","x","") -> x | M10: =IF(VLOOKUP($A10,Sheet1!$A$3:$AW$699,8,FALSE)="▲","x","") | N10: =IF(VLOOKUP($A10,Sheet1!$A$3:$AW$699,9,FALSE)="●","x","") | O10: =IF(VLOOKUP($A10,Sheet1!$A$3:$AW$699,10,FALSE)="■","x","") -> x | P10: =IF(VLOOKUP($A10,Sheet1!$A$3:$AW$699,2,FALSE)="","",VLOOKUP($A10,Sheet1!$A$3:$AW$699,2,FALSE)) -> P4.001
A11: 276 | B11: =IF(VLOOKUP($A11,Sheet1!$A$3:$AW$699,20,FALSE)="","",VLOOKUP($A11,Sheet1!$A$3:$AW$699,20,FALSE)) -> FaultRecordN2 | C11: =IF(VLOOKUP($A11,Sheet1!$A$3:$AW$699,25,FALSE)="","",VLOOKUP($A11,Sheet1!$A$3:$AW$699,25,FALSE)) -> All | D11: =IF(VLOOKUP($A11,Sheet1!$A$3:$AW$699,15,FALSE)="","",VLOOKUP($A11,Sheet1!$A$3:$AW$699,15,FALSE)) -> 0x00000000 | E11: =IF(VLOOKUP($A11,Sheet1!$A$3:$AW$699,16,FALSE)="","",VLOOKUP($A11,Sheet1!$A$3:$AW$699,16,FALSE)) -> 0xFFFFFFFF | F11: =IF(VLOOKUP($A11,Sheet1!$A$3:$AW$699,17,FALSE)="","",VLOOKUP($A11,Sheet1!$A$3:$AW$699,17,FALSE)) -> 0x00000000 | G11: =IF(VLOOKUP($A11,Sheet1!$A$3:$AW$699,18,FALSE)="","",VLOOKUP($A11,Sheet1!$A$3:$AW$699,18,FALSE)) | H11: =IF(VLOOKUP($A11,Sheet1!$A$3:$AW$699,19,FALSE)="","",VLOOKUP($A11,Sheet1!$A$3:$AW$699,19,FALSE)) | I11: =IF(VLOOKUP($A11,Sheet1!$A$3:$AW$699,5,FALSE)="","",VLOOKUP($A11,Sheet1!$A$3:$AW$699,5,FALSE)) -> UDINT | J11: Fault Record N-2 The (N-2)th abnormal status record. UZYX (Low word): Display fault/warning code DCBA (high word): Reserved | K11: 8-Diagnosis | L11: =IF(VLOOKUP($A11,Sheet1!$A$3:$AW$699,7,FALSE)="★","x","") -> x | M11: =IF(VLOOKUP($A11,Sheet1!$A$3:$AW$699,8,FALSE)="▲","x","") | N11: =IF(VLOOKUP($A11,Sheet1!$A$3:$AW$699,9,FALSE)="●","x","") | O11: =IF(VLOOKUP($A11,Sheet1!$A$3:$AW$699,10,FALSE)="■","x","") -> x | P11: =IF(VLOOKUP($A11,Sheet1!$A$3:$AW$699,2,FALSE)="","",VLOOKUP($A11,Sheet1!$A$3:$AW$699,2,FALSE)) -> P4.002
A12: 277 | B12: =IF(VLOOKUP($A12,Sheet1!$A$3:$AW$699,20,FALSE)="","",VLOOKUP($A12,Sheet1!$A$3:$AW$699,20,FALSE)) -> FaultRecordN3 | C12: =IF(VLOOKUP($A12,Sheet1!$A$3:$AW$699,25,FALSE)="","",VLOOKUP($A12,Sheet1!$A$3:$AW$699,25,FALSE)) -> All | D12: =IF(VLOOKUP($A12,Sheet1!$A$3:$AW$699,15,FALSE)="","",VLOOKUP($A12,Sheet1!$A$3:$AW$699,15,FALSE)) -> 0x00000000 | E12: =IF(VLOOKUP($A12,Sheet1!$A$3:$AW$699,16,FALSE)="","",VLOOKUP($A12,Sheet1!$A$3:$AW$699,16,FALSE)) -> 0xFFFFFFFF | F12: =IF(VLOOKUP($A12,Sheet1!$A$3:$AW$699,17,FALSE)="","",VLOOKUP($A12,Sheet1!$A$3:$AW$699,17,FALSE)) -> 0x00000000 | G12: =IF(VLOOKUP($A12,Sheet1!$A$3:$AW$699,18,FALSE)="","",VLOOKUP($A12,Sheet1!$A$3:$AW$699,18,FALSE)) | H12: =IF(VLOOKUP($A12,Sheet1!$A$3:$AW$699,19,FALSE)="","",VLOOKUP($A12,Sheet1!$A$3:$AW$699,19,FALSE)) | I12: =IF(VLOOKUP($A12,Sheet1!$A$3:$AW$699,5,FALSE)="","",VLOOKUP($A12,Sheet1!$A$3:$AW$699,5,FALSE)) -> UDINT | J12: Fault Record N-3 The (N-3)th abnormal status record. UZYX (Low word): Display fault/warning code DCBA (high word): Reserved | K12: 8-Diagnosis | L12: =IF(VLOOKUP($A12,Sheet1!$A$3:$AW$699,7,FALSE)="★","x","") -> x | M12: =IF(VLOOKUP($A12,Sheet1!$A$3:$AW$699,8,FALSE)="▲","x","") | N12: =IF(VLOOKUP($A12,Sheet1!$A$3:$AW$699,9,FALSE)="●","x","") | O12: =IF(VLOOKUP($A12,Sheet1!$A$3:$AW$699,10,FALSE)="■","x","") -> x | P12: =IF(VLOOKUP($A12,Sheet1!$A$3:$AW$699,2,FALSE)="","",VLOOKUP($A12,Sheet1!$A$3:$AW$699,2,FALSE)) -> P4.003
A13: 278 | B13: =IF(VLOOKUP($A13,Sheet1!$A$3:$AW$699,20,FALSE)="","",VLOOKUP($A13,Sheet1!$A$3:$AW$699,20,FALSE)) -> FaultRecordN4 | C13: =IF(VLOOKUP($A13,Sheet1!$A$3:$AW$699,25,FALSE)="","",VLOOKUP($A13,Sheet1!$A$3:$AW$699,25,FALSE)) -> All | D13: =IF(VLOOKUP($A13,Sheet1!$A$3:$AW$699,15,FALSE)="","",VLOOKUP($A13,Sheet1!$A$3:$AW$699,15,FALSE)) -> 0x00000000 | E13: =IF(VLOOKUP($A13,Sheet1!$A$3:$AW$699,16,FALSE)="","",VLOOKUP($A13,Sheet1!$A$3:$AW$699,16,FALSE)) -> 0xFFFFFFFF | F13: =IF(VLOOKUP($A13,Sheet1!$A$3:$AW$699,17,FALSE)="","",VLOOKUP($A13,Sheet1!$A$3:$AW$699,17,FALSE)) -> 0x00000000 | G13: =IF(VLOOKUP($A13,Sheet1!$A$3:$AW$699,18,FALSE)="","",VLOOKUP($A13,Sheet1!$A$3:$AW$699,18,FALSE)) | H13: =IF(VLOOKUP($A13,Sheet1!$A$3:$AW$699,19,FALSE)="","",VLOOKUP($A13,Sheet1!$A$3:$AW$699,19,FALSE)) | I13: =IF(VLOOKUP($A13,Sheet1!$A$3:$AW$699,5,FALSE)="","",VLOOKUP($A13,Sheet1!$A$3:$AW$699,5,FALSE)) -> UDINT | J13: Fault Record N-4 The (N-4)th abnormal status record. UZYX (Low word): Display fault/warning code DCBA (high word): Reserved | K13: 8-Diagnosis | L13: =IF(VLOOKUP($A13,Sheet1!$A$3:$AW$699,7,FALSE)="★","x","") -> x | M13: =IF(VLOOKUP($A13,Sheet1!$A$3:$AW$699,8,FALSE)="▲","x","") | N13: =IF(VLOOKUP($A13,Sheet1!$A$3:$AW$699,9,FALSE)="●","x","") | O13: =IF(VLOOKUP($A13,Sheet1!$A$3:$AW$699,10,FALSE)="■","x","") -> x | P13: =IF(VLOOKUP($A13,Sheet1!$A$3:$AW$699,2,FALSE)="","",VLOOKUP($A13,Sheet1!$A$3:$AW$699,2,FALSE)) -> P4.004

Sheet 9 - Motion
A1: Kinetix 5100 Servo Drive Parameters For more information see:
A2: Kinetix 5100 Servo Drive User Manual, publication 2198-UM004
A4: ID | B4: Name | C4: Control Mode | D4: Min. | E4: Max. | F4: Default Value | G4: Precision | H4: Units | I4: Data Type | J4: Comments | K4: Groups | L4: Read-only | M4: Set When Servo Off | N4: Valid After Power Cycle | O4: Volatile Parameter | P4: Parameter Number
A5: 131 | B5: DI9CaptureAndCompareConfiguration | C5: =IF(VLOOKUP($A5,Sheet1!$A$3:$AW$699,25,FALSE)="","",VLOOKUP($A5,Sheet1!$A$3:$AW$699,25,FALSE)) -> All | D5: =IF(VLOOKUP($A5,Sheet1!$A$3:$AW$699,15,FALSE)="","",VLOOKUP($A5,Sheet1!$A$3:$AW$699,15,FALSE)) -> 0x00000000 | E5: =IF(VLOOKUP($A5,Sheet1!$A$3:$AW$699,16,FALSE)="","",VLOOKUP($A5,Sheet1!$A$3:$AW$699,16,FALSE)) -> 0x6F000101 | F5: =IF(VLOOKUP($A5,Sheet1!$A$3:$AW$699,17,FALSE)="","",VLOOKUP($A5,Sheet1!$A$3:$AW$699,17,FALSE)) -> 0x2D000000 | G5: =IF(VLOOKUP($A5,Sheet1!$A$3:$AW$699,18,FALSE)="","",VLOOKUP($A5,Sheet1!$A$3:$AW$699,18,FALSE)) | H5: =IF(VLOOKUP($A5,Sheet1!$A$3:$AW$699,19,FALSE)="","",VLOOKUP($A5,Sheet1!$A$3:$AW$699,19,FALSE)) | I5: =IF(VLOOKUP($A5,Sheet1!$A$3:$AW$699,5,FALSE)="","",VLOOKUP($A5,Sheet1!$A$3:$AW$699,5,FALSE)) -> UDINT | J5: DI9 Capture and Compare Configuration X: Additional function of Capture - Bit 0: ID330 (P5.038) will reset to the configured value when the DI9CaptureRemainedCount decreases to 0 in cycle mode. -- 0=Disable cycle mode -- 1=Enable cycle mode - Bits 1…3: Reserved Y:Reserved Z: Additional function of Compare - Bit 0: -- 0=ID134 (P1 .024) takes effect always. -- 1=ID134 (P1 .024 only takes effect once, than reset to 0 automatically - Bits 1…3: Reserved U:Reserved | K5: 9-Motion_1 25-Capture | L5: =IF(VLOOKUP($A5,Sheet1!$A$3:$AW$699,7,FALSE)="★","x","") | M5: =IF(VLOOKUP($A5,Sheet1!$A$3:$AW$699,8,FALSE)="▲","x","") | N5: =IF(VLOOKUP($A5,Sheet1!$A$3:$AW$699,9,FALSE)="●","x","") | O5: =IF(VLOOKUP($A5,Sheet1!$A$3:$AW$699,10,FALSE)="■","x","") | P5: =IF(VLOOKUP($A5,Sheet1!$A$3:$AW$699,2,FALSE)="","",VLOOKUP($A5,Sheet1!$A$3:$AW$699,2,FALSE)) -> P1.019
A6: 132 | B6: DI9CaptureMaskRange | C6: =IF(VLOOKUP($A6,Sheet1!$A$3:$AW$699,25,FALSE)="","",VLOOKUP($A6,Sheet1!$A$3:$AW$699,25,FALSE)) -> All | D6: =IF(VLOOKUP($A6,Sheet1!$A$3:$AW$699,15,FALSE)="","",VLOOKUP($A6,Sheet1!$A$3:$AW$699,15,FALSE)) -> 0 | E6: =IF(VLOOKUP($A6,Sheet1!$A$3:$AW$699,16,FALSE)="","",VLOOKUP($A6,Sheet1!$A$3:$AW$699,16,FALSE)) -> 100000000 | F6: =IF(VLOOKUP($A6,Sheet1!$A$3:$AW$699,17,FALSE)="","",VLOOKUP($A6,Sheet1!$A$3:$AW$699,17,FALSE)) -> 0 | G6: =IF(VLOOKUP($A6,Sheet1!$A$3:$AW$699,18,FALSE)="","",VLOOKUP($A6,Sheet1!$A$3:$AW$699,18,FALSE)) | H6: =IF(VLOOKUP($A6,Sheet1!$A$3:$AW$699,19,FALSE)="","",VLOOKUP($A6,Sheet1!$A$3:$AW$699,19,FALSE)) | I6: =IF(VLOOKUP($A6,Sheet1!$A$3:$AW$699,5,FALSE)="","",VLOOKUP($A6,Sheet1!$A$3:$AW$699,5,FALSE)) -> DINT | J6: DI9 Capture Masking Range When Capture function is enabled and set to capture multiple points [ID330 (P5.038) > 1], it will stop receiving the DI captured signal within this range once the data is captured. The DI captured signal received within this range will not be recognized. This function can be used to avoid noise being regarded as effective signals within the non-capture range. Masking range is defined as follows: [CAP_DATA- ID132 (P1 .020), CAP_DATA+ID132 (P1.020)]. | K6: 9-Motion_1 25-Capture | L6: =IF(VLOOKUP($A6,Sheet1!$A$3:$AW$699,7,FALSE)="★","x","") | M6: =IF(VLOOKUP($A6,Sheet1!$A$3:$AW$699,8,FALSE)="▲","x","") | N6: =IF(VLOOKUP($A6,Sheet1!$A$3:$AW$699,9,FALSE)="●","x","") | O6: =IF(VLOOKUP($A6,Sheet1!$A$3:$AW$699,10,FALSE)="■","x","") | P6: =IF(VLOOKUP($A6,Sheet1!$A$3:$AW$699,2,FALSE)="","",VLOOKUP($A6,Sheet1!$A$3:$AW$699,2,FALSE)) -> P1.020
A7: 133 | B7: NonVolatileCompareDataOffset | C7: =IF(VLOOKUP($A7,Sheet1!$A$3:$AW$699,25,FALSE)="","",VLOOKUP($A7,Sheet1!$A$3:$AW$699,25,FALSE)) -> All | D7: =IF(VLOOKUP($A7,Sheet1!$A$3:$AW$699,15,FALSE)="","",VLOOKUP($A7,Sheet1!$A$3:$AW$699,15,FALSE)) -> -10000000 | E7: =IF(VLOOKUP($A7,Sheet1!$A$3:$AW$699,16,FALSE)="","",VLOOKUP($A7,Sheet1!$A$3:$AW$699,16,FALSE)) -> 10000000 | F7: =IF(VLOOKUP($A7,Sheet1!$A$3:$AW$699,17,FALSE)="","",VLOOKUP($A7,Sheet1!$A$3:$AW$699,17,FALSE)) -> 0 | G7: =IF(VLOOKUP($A7,Sheet1!$A$3:$AW$699,18,FALSE)="","",VLOOKUP($A7,Sheet1!$A$3:$AW$699,18,FALSE)) | H7: =IF(VLOOKUP($A7,Sheet1!$A$3:$AW$699,19,FALSE)="","",VLOOKUP($A7,Sheet1!$A$3:$AW$699,19,FALSE)) | I7: =IF(VLOOKUP($A7,Sheet1!$A$3:$AW$699,5,FALSE)="","",VLOOKUP($A7,Sheet1!$A$3:$AW$699,5,FALSE)) -> DINT | J7: Non-Volatile Compare Data Offset When using the Compare function, you can add the offset value to the data array value for comparison to the actual comparison data. See High Speed Compare Function (CMP) in the user manual. | K7: 9-Motion_1 | L7: =IF(VLOOKUP($A7,Sheet1!$A$3:$AW$699,7,FALSE)="★","x","") | M7: =IF(VLOOKUP($A7,Sheet1!$A$3:$AW$699,8,FALSE)="▲","x","") | N7: =IF(VLOOKUP($A7,Sheet1!$A$3:$AW$699,9,FALSE)="●","x","") | O7: =IF(VLOOKUP($A7,Sheet1!$A$3:$AW$699,10,FALSE)="■","x","") | P7: =IF(VLOOKUP($A7,Sheet1!$A$3:$AW$699,2,FALSE)="","",VLOOKUP($A7,Sheet1!$A$3:$AW$699,2,FALSE)) -> P1.023
A8: 134 | B8: VolatileCompareDataOffset | C8: =IF(VLOOKUP($A8,Sheet1!$A$3:$AW$699,25,FALSE)="","",VLOOKUP($A8,Sheet1!$A$3:$AW$699,25,FALSE)) -> All | D8: =IF(VLOOKUP($A8,Sheet1!$A$3:$AW$699,15,FALSE)="","",VLOOKUP($A8,Sheet1!$A$3:$AW$699,15,FALSE)) -> -32768 | E8: =IF(VLOOKUP($A8,Sheet1!$A$3:$AW$699,16,FALSE)="","",VLOOKUP($A8,Sheet1!$A$3:$AW$699,16,FALSE)) -> 32767 | F8: =IF(VLOOKUP($A8,Sheet1!$A$3:$AW$699,17,FALSE)="","",VLOOKUP($A8,Sheet1!$A$3:$AW$699,17,FALSE)) -> 0 | G8: =IF(VLOOKUP($A8,Sheet1!$A$3:$AW$699,18,FALSE)="","",VLOOKUP($A8,Sheet1!$A$3:$AW$699,18,FALSE)) | H8: =IF(VLOOKUP($A8,Sheet1!$A$3:$AW$699,19,FALSE)="","",VLOOKUP($A8,Sheet1!$A$3:$AW$699,19,FALSE)) | I8: =IF(VLOOKUP($A8,Sheet1!$A$3:$AW$699,5,FALSE)="","",VLOOKUP($A8,Sheet1!$A$3:$AW$699,5,FALSE)) -> INT | J8: Volatile Compare Data Offset When using the Compare function, you can add the offset value to the data array value for comparison to the actual comparison data. See High Speed Compare Function (CMP) in the user manual. | K8: 9-Motion_1 | L8: =IF(VLOOKUP($A8,Sheet1!$A$3:$AW$699,7,FALSE)="★","x","") | M8: =IF(VLOOKUP($A8,Sheet1!$A$3:$AW$699,8,FALSE)="▲","x","") | N8: =IF(VLOOKUP($A8,Sheet1!$A$3:$AW$699,9,FALSE)="●","x","") | O8: =IF(VLOOKUP($A8,Sheet1!$A$3:$AW$699,10,FALSE)="■","x","") -> x | P8: =IF(VLOOKUP($A8,Sheet1!$A$3:$AW$699,2,FALSE)="","",VLOOKUP($A8,Sheet1!$A$3:$AW$699,2,FALSE)) -> P1.024
A9: 177 | B9: HomingCollisionTorqueLimit | C9: =IF(VLOOKUP($A9,Sheet1!$A$3:$AW$699,25,FALSE)="","",VLOOKUP($A9,Sheet1!$A$3:$AW$699,25,FALSE)) -> PR/IO | D9: =IF(VLOOKUP($A9,Sheet1!$A$3:$AW$699,15,FALSE)="","",VLOOKUP($A9,Sheet1!$A$3:$AW$699,15,FALSE)) -> 1 | E9: =IF(VLOOKUP($A9,Sheet1!$A$3:$AW$699,16,FALSE)="","",VLOOKUP($A9,Sheet1!$A$3:$AW$699,16,FALSE)) -> 300 | F9: =IF(VLOOKUP($A9,Sheet1!$A$3:$AW$699,17,FALSE)="","",VLOOKUP($A9,Sheet1!$A$3:$AW$699,17,FALSE)) -> 1 | G9: =IF(VLOOKUP($A9,Sheet1!$A$3:$AW$699,18,FALSE)="","",VLOOKUP($A9,Sheet1!$A$3:$AW$699,18,FALSE)) | H9: =IF(VLOOKUP($A9,Sheet1!$A$3:$AW$699,19,FALSE)="","",VLOOKUP($A9,Sheet1!$A$3:$AW$699,19,FALSE)) -> % | I9: =IF(VLOOKUP($A9,Sheet1!$A$3:$AW$699,5,FALSE)="","",VLOOKUP($A9,Sheet1!$A$3:$AW$699,5,FALSE)) -> INT | J9: Homing Collision Torque Limit This torque limit setting is only for torque limit homing mode ID297 (P5.004.X=9 or 10). When the homing command is triggered, the motor runs in one direction until it reaches the collision protector. After reaching the collision protector, the servo drive outputs a larger motor current/torque to counter the external force from the collision protector. The servo drive uses the motor current/torque and the Torque limit time to determine homing. See Referencing the Torque Limit in the user manual. | K9: 9-Motion_1 | L9: =IF(VLOOKUP($A9,Sheet1!$A$3:$AW$699,7,FALSE)="★","x","") | M9: =IF(VLOOKUP($A9,Sheet1!$A$3:$AW$699,8,FALSE)="▲","x","") | N9: =IF(VLOOKUP($A9,Sheet1!$A$3:$AW$699,9,FALSE)="●","x","") | O9: =IF(VLOOKUP($A9,Sheet1!$A$3:$AW$699,10,FALSE)="■","x","") | P9: =IF(VLOOKUP($A9,Sheet1!$A$3:$AW$699,2,FALSE)="","",VLOOKUP($A9,Sheet1!$A$3:$AW$699,2,FALSE)) -> P1.087
A10: 178 | B10: HomingCollisionTorqueLimitTime | C10: =IF(VLOOKUP($A10,Sheet1!$A$3:$AW$699,25,FALSE)="","",VLOOKUP($A10,Sheet1!$A$3:$AW$699,25,FALSE)) -> PR/IO | D10: =IF(VLOOKUP($A10,Sheet1!$A$3:$AW$699,15,FALSE)="","",VLOOKUP($A10,Sheet1!$A$3:$AW$699,15,FALSE)) -> 2 | E10: =IF(VLOOKUP($A10,Sheet1!$A$3:$AW$699,16,FALSE)="","",VLOOKUP($A10,Sheet1!$A$3:$AW$699,16,FALSE)) -> 2000 | F10: =IF(VLOOKUP($A10,Sheet1!$A$3:$AW$699,17,FALSE)="","",VLOOKUP($A10,Sheet1!$A$3:$AW$699,17,FALSE)) -> 2000 | G10: =IF(VLOOKUP($A10,Sheet1!$A$3:$AW$699,18,FALSE)="","",VLOOKUP($A10,Sheet1!$A$3:$AW$699,18,FALSE)) | H10: =IF(VLOOKUP($A10,Sheet1!$A$3:$AW$699,19,FALSE)="","",VLOOKUP($A10,Sheet1!$A$3:$AW$699,19,FALSE)) -> ms | I10: =IF(VLOOKUP($A10,Sheet1!$A$3:$AW$699,5,FALSE)="","",VLOOKUP($A10,Sheet1!$A$3:$AW$699,5,FALSE)) -> INT | J10: Homing Collision Torque Limit Time Torque limit time setting in torque limit homing mode ID297 (P5.004.X=9 or 10). See ID 177 (P1.087). See Referencing the Torque Limit in the user manual. | K10: 9-Motion_1 | L10: =IF(VLOOKUP($A10,Sheet1!$A$3:$AW$699,7,FALSE)="★","x","") | M10: =IF(VLOOKUP($A10,Sheet1!$A$3:$AW$699,8,FALSE)="▲","x","") | N10: =IF(VLOOKUP($A10,Sheet1!$A$3:$AW$699,9,FALSE)="●","x","") | O10: =IF(VLOOKUP($A10,Sheet1!$A$3:$AW$699,10,FALSE)="■","x","") | P10: =IF(VLOOKUP($A10,Sheet1!$A$3:$AW$699,2,FALSE)="","",VLOOKUP($A10,Sheet1!$A$3:$AW$699,2,FALSE)) -> P1.088
A11: 183 | B11: DI10CaptureConfiguration | C11: =IF(VLOOKUP($A11,Sheet1!$A$3:$AW$699,25,FALSE)="","",VLOOKUP($A11,Sheet1!$A$3:$AW$699,25,FALSE)) -> All | D11: =IF(VLOOKUP($A11,Sheet1!$A$3:$AW$699,15,FALSE)="","",VLOOKUP($A11,Sheet1!$A$3:$AW$699,15,FALSE)) -> 0x00000000 | E11: =IF(VLOOKUP($A11,Sheet1!$A$3:$AW$699,16,FALSE)="","",VLOOKUP($A11,Sheet1!$A$3:$AW$699,16,FALSE)) -> 0x00000101 | F11: =IF(VLOOKUP($A11,Sheet1!$A$3:$AW$699,17,FALSE)="","",VLOOKUP($A11,Sheet1!$A$3:$AW$699,17,FALSE)) -> 0x00000000 | G11: =IF(VLOOKUP($A11,Sheet1!$A$3:$AW$699,18,FALSE)="","",VLOOKUP($A11,Sheet1!$A$3:$AW$699,18,FALSE)) | H11: =IF(VLOOKUP($A11,Sheet1!$A$3:$AW$699,19,FALSE)="","",VLOOKUP($A11,Sheet1!$A$3:$AW$699,19,FALSE)) | I11: =IF(VLOOKUP($A11,Sheet1!$A$3:$AW$699,5,FALSE)="","",VLOOKUP($A11,Sheet1!$A$3:$AW$699,5,FALSE)) -> UDINT | J11: DI10 Capture Configuration X: Additional function of Capture - Bit 0: ID394 (P5.109) will reset to the configured value when the DI10CaptureRemainedCount decreases to 0 in cycle mode. -- 0=Disable cycle mode -- 1=Enable cycle mode - Bits 1…3: Reserved Y:Reserved Z: Reserved U:Reserved | K11: 9-Motion_1 25-Capture | L11: =IF(VLOOKUP($A11,Sheet1!$A$3:$AW$699,7,FALSE)="★","x","") | M11: =IF(VLOOKUP($A11,Sheet1!$A$3:$AW$699,8,FALSE)="▲","x","") | N11: =IF(VLOOKUP($A11,Sheet1!$A$3:$AW$699,9,FALSE)="●","x","") | O11: =IF(VLOOKUP($A11,Sheet1!$A$3:$AW$699,10,FALSE)="■","x","") | P11: =IF(VLOOKUP($A11,Sheet1!$A$3:$AW$699,2,FALSE)="","",VLOOKUP($A11,Sheet1!$A$3:$AW$699,2,FALSE)) -> P1.103
A12: 184 | B12: DI10CaptureMaskRange | C12: =IF(VLOOKUP($A12,Sheet1!$A$3:$AW$699,25,FALSE)="","",VLOOKUP($A12,Sheet1!$A$3:$AW$699,25,FALSE)) -> All | D12: =IF(VLOOKUP($A12,Sheet1!$A$3:$AW$699,15,FALSE)="","",VLOOKUP($A12,Sheet1!$A$3:$AW$699,15,FALSE)) -> 0 | E12: =IF(VLOOKUP($A12,Sheet1!$A$3:$AW$699,16,FALSE)="","",VLOOKUP($A12,Sheet1!$A$3:$AW$699,16,FALSE)) -> 100000000 | F12: =IF(VLOOKUP($A12,Sheet1!$A$3:$AW$699,17,FALSE)="","",VLOOKUP($A12,Sheet1!$A$3:$AW$699,17,FALSE)) -> 0 | G12: =IF(VLOOKUP($A12,Sheet1!$A$3:$AW$699,18,FALSE)="","",VLOOKUP($A12,Sheet1!$A$3:$AW$699,18,FALSE)) | H12: =IF(VLOOKUP($A12,Sheet1!$A$3:$AW$699,19,FALSE)="","",VLOOKUP($A12,Sheet1!$A$3:$AW$699,19,FALSE)) | I12: =IF(VLOOKUP($A12,Sheet1!$A$3:$AW$699,5,FALSE)="","",VLOOKUP($A12,Sheet1!$A$3:$AW$699,5,FALSE)) -> DINT | J12: DI10 Capture Masking Range When Capture function is enabled and set to capture multiple points [ID394 (P5.109) > 1], it will stop receiving the DI captured signal within this range once the data is captured. The DI captured signal received within this range will not be recognized. This function can be used to avoid noise being regarded as effective signals within non-capture range. Masking range is defined as follows: [CAP_DATA-ID184 (P1 .104), CAP_DATA+ID184 (P1 .104)]. | K12: 9-Motion_1 25-Capture | L12: =IF(VLOOKUP($A12,Sheet1!$A$3:$AW$699,7,FALSE)="★","x","") | M12: =IF(VLOOKUP($A12,Sheet1!$A$3:$AW$699,8,FALSE)="▲","x","") | N12: =IF(VLOOKUP($A12,Sheet1!$A$3:$AW$699,9,FALSE)="●","x","") | O12: =IF(VLOOKUP($A12,Sheet1!$A$3:$AW$699,10,FALSE)="■","x","") | P12: =IF(VLOOKUP($A12,Sheet1!$A$3:$AW$699,2,FALSE)="","",VLOOKUP($A12,Sheet1!$A$3:$AW$699,2,FALSE)) -> P1.104
A13: 234 | B13: IndexingCoordinatesScale | C13: =IF(VLOOKUP($A13,Sheet1!$A$3:$AW$699,25,FALSE)="","",VLOOKUP($A13,Sheet1!$A$3:$AW$699,25,FALSE)) -> All | D13: =IF(VLOOKUP($A13,Sheet1!$A$3:$AW$699,15,FALSE)="","",VLOOKUP($A13,Sheet1!$A$3:$AW$699,15,FALSE)) -> 32 | E13: =IF(VLOOKUP($A13,Sheet1!$A$3:$AW$699,16,FALSE)="","",VLOOKUP($A13,Sheet1!$A$3:$AW$699,16,FALSE)) -> 1073741824 | F13: =IF(VLOOKUP($A13,Sheet1!$A$3:$AW$699,17,FALSE)="","",VLOOKUP($A13,Sheet1!$A$3:$AW$699,17,FALSE)) -> 1073741824 | G13: =IF(VLOOKUP($A13,Sheet1!$A$3:$AW$699,18,FALSE)="","",VLOOKUP($A13,Sheet1!$A$3:$AW$699,18,FALSE)) | H13: =IF(VLOOKUP($A13,Sheet1!$A$3:$AW$699,19,FALSE)="","",VLOOKUP($A13,Sheet1!$A$3:$AW$699,19,FALSE)) -> PUU | I13: =IF(VLOOKUP($A13,Sheet1!$A$3:$AW$699,5,FALSE)="","",VLOOKUP($A13,Sheet1!$A$3:$AW$699,5,FALSE)) -> DINT | J13: Indexing Coordinates Scale This parameter is used to set the scale of the indexing coordinates, indexing command position, and indexing feedback position. If the setting value is too small, it may cause the error of indexing coordinates. See Index Position Command in the user manual for the valid range equation for ID234 (P2.052). | K13: 9-Motion_1 | L13: =IF(VLOOKUP($A13,Sheet1!$A$3:$AW$699,7,FALSE)="★","x","") | M13: =IF(VLOOKUP($A13,Sheet1!$A$3:$AW$699,8,FALSE)="▲","x","") -> x | N13: =IF(VLOOKUP($A13,Sheet1!$A$3:$AW$699,9,FALSE)="●","x","") | O13: =IF(VLOOKUP($A13,Sheet1!$A$3:$AW$699,10,FALSE)="■","x","") | P13: =IF(VLOOKUP($A13,Sheet1!$A$3:$AW$699,2,FALSE)="","",VLOOKUP($A13,Sheet1!$A$3:$AW$699,2,FALSE)) -> P2.052
A14: 241 | B14: FollowingErrorCompensation | C14: =IF(VLOOKUP($A14,Sheet1!$A$3:$AW$699,25,FALSE)="","",VLOOKUP($A14,Sheet1!$A$3:$AW$699,25,FALSE)) -> All | D14: =IF(VLOOKUP($A14,Sheet1!$A$3:$AW$699,15,FALSE)="","",VLOOKUP($A14,Sheet1!$A$3:$AW$699,15,FALSE)) -> 0x0000 | E14: =IF(VLOOKUP($A14,Sheet1!$A$3:$AW$699,16,FALSE)="","",VLOOKUP($A14,Sheet1!$A$3:$AW$699,16,FALSE)) -> 0x0101 | F14: =IF(VLOOKUP($A14,Sheet1!$A$3:$AW$699,17,FALSE)="","",VLOOKUP($A14,Sheet1!$A$3:$AW$699,17,FALSE)) -> 0x0000 | G14: =IF(VLOOKUP($A14,Sheet1!$A$3:$AW$699,18,FALSE)="","",VLOOKUP($A14,Sheet1!$A$3:$AW$699,18,FALSE)) | H14: =IF(VLOOKUP($A14,Sheet1!$A$3:$AW$699,19,FALSE)="","",VLOOKUP($A14,Sheet1!$A$3:$AW$699,19,FALSE)) | I14: =IF(VLOOKUP($A14,Sheet1!$A$3:$AW$699,5,FALSE)="","",VLOOKUP($A14,Sheet1!$A$3:$AW$699,5,FALSE)) -> UINT | J14: Follow Error Compensation Configuration This function is active when ID143 (P1.036) S-curveSmoothTime is set to a value greater than 1. High Bit (DCBA): Reserved X: Following error compensation switch 0=Disable function 1=Enable function Y: Reserved Z: Digital input DI.STP triggering method 0=DI.STP is rising-edge triggered 1=DI.STP is level-triggered U: Reserved | K14: 9-Motion_1 | L14: =IF(VLOOKUP($A14,Sheet1!$A$3:$AW$699,7,FALSE)="★","x","") | M14: =IF(VLOOKUP($A14,Sheet1!$A$3:$AW$699,8,FALSE)="▲","x","") | N14: =IF(VLOOKUP($A14,Sheet1!$A$3:$AW$699,9,FALSE)="●","x","") | O14: =IF(VLOOKUP($A14,Sheet1!$A$3:$AW$699,10,FALSE)="■","x","") | P14: =IF(VLOOKUP($A14,Sheet1!$A$3:$AW$699,2,FALSE)="","",VLOOKUP($A14,Sheet1!$A$3:$AW$699,2,FALSE)) -> P2.068
A15: 244 | B15: ResetAbsolutePosition | C15: =IF(VLOOKUP($A15,Sheet1!$A$3:$AW$699,25,FALSE)="","",VLOOKUP($A15,Sheet1!$A$3:$AW$699,25,FALSE)) -> All | D15: =IF(VLOOKUP($A15,Sheet1!$A$3:$AW$699,15,FALSE)="","",VLOOKUP($A15,Sheet1!$A$3:$AW$699,15,FALSE)) -> 0x0000 | E15: =IF(VLOOKUP($A15,Sheet1!$A$3:$AW$699,16,FALSE)="","",VLOOKUP($A15,Sheet1!$A$3:$AW$699,16,FALSE)) -> 0x0001 | F15: =IF(VLOOKUP($A15,Sheet1!$A$3:$AW$699,17,FALSE)="","",VLOOKUP($A15,Sheet1!$A$3:$AW$699,17,FALSE)) -> 0x0000 | G15: =IF(VLOOKUP($A15,Sheet1!$A$3:$AW$699,18,FALSE)="","",VLOOKUP($A15,Sheet1!$A$3:$AW$699,18,FALSE)) | H15: =IF(VLOOKUP($A15,Sheet1!$A$3:$AW$699,19,FALSE)="","",VLOOKUP($A15,Sheet1!$A$3:$AW$699,19,FALSE)) | I15: =IF(VLOOKUP($A15,Sheet1!$A$3:$AW$699,5,FALSE)="","",VLOOKUP($A15,Sheet1!$A$3:$AW$699,5,FALSE)) -> UINT | J15: Reset Absolute Position Set to 1 to reset the absolute position to 0. The Reset function is enabled when ID193 (P2.008) SpecialParameterWriteIn is set to 271 and ID242 (P2.069.X) is 1 (absolute system). | K15: 9-Motion_1 | L15: =IF(VLOOKUP($A15,Sheet1!$A$3:$AW$699,7,FALSE)="★","x","") | M15: =IF(VLOOKUP($A15,Sheet1!$A$3:$AW$699,8,FALSE)="▲","x","") | N15: =IF(VLOOKUP($A15,Sheet1!$A$3:$AW$699,9,FALSE)="●","x","") | O15: =IF(VLOOKUP($A15,Sheet1!$A$3:$AW$699,10,FALSE)="■","x","") -> x | P15: =IF(VLOOKUP($A15,Sheet1!$A$3:$AW$699,2,FALSE)="","",VLOOKUP($A15,Sheet1!$A$3:$AW$699,2,FALSE)) -> P2.071
A16: 245 | B16: ECamConfiguration | C16: =IF(VLOOKUP($A16,Sheet1!$A$3:$AW$699,25,FALSE)="","",VLOOKUP($A16,Sheet1!$A$3:$AW$699,25,FALSE)) -> PR/IO | D16: =IF(VLOOKUP($A16,Sheet1!$A$3:$AW$699,15,FALSE)="","",VLOOKUP($A16,Sheet1!$A$3:$AW$699,15,FALSE)) -> 0x00000000 | E16: =IF(VLOOKUP($A16,Sheet1!$A$3:$AW$699,16,FALSE)="","",VLOOKUP($A16,Sheet1!$A$3:$AW$699,16,FALSE)) -> 0x5F3F6F5F | F16: =IF(VLOOKUP($A16,Sheet1!$A$3:$AW$699,17,FALSE)="","",VLOOKUP($A16,Sheet1!$A$3:$AW$699,17,FALSE)) -> 0x00000000 | G16: =IF(VLOOKUP($A16,Sheet1!$A$3:$AW$699,18,FALSE)="","",VLOOKUP($A16,Sheet1!$A$3:$AW$699,18,FALSE)) | H16: =IF(VLOOKUP($A16,Sheet1!$A$3:$AW$699,19,FALSE)="","",VLOOKUP($A16,Sheet1!$A$3:$AW$699,19,FALSE)) | I16: =IF(VLOOKUP($A16,Sheet1!$A$3:$AW$699,5,FALSE)="","",VLOOKUP($A16,Sheet1!$A$3:$AW$699,5,FALSE)) -> UDINT | J16: E-CAM Configuration See E-Cam Alignment Operation Setting in the user manual. YX: Range of the filter (0…95%) 00=Filter is disabled 01…5F=Filter is enabled when |Error| <= (1…YX)% UZ: Maximum allowable correction rate (0…100%) Maximum allowable correction <= [ID340 (P5.048)] / [ID371 (P5.083)]*UZ% BA: PR number to store pulse error (PR#0...PR#99) 0=Pulse error will not stores 1…99=PR number to store pulse error DC: Masking range setting (0…95%) Masking range >= [ID340 (P5.048)]/[ID371 (P5.083)]* DC% | K16: 9-Motion_1 | L16: =IF(VLOOKUP($A16,Sheet1!$A$3:$AW$699,7,FALSE)="★","x","") | M16: =IF(VLOOKUP($A16,Sheet1!$A$3:$AW$699,8,FALSE)="▲","x","") | N16: =IF(VLOOKUP($A16,Sheet1!$A$3:$AW$699,9,FALSE)="●","x","") | O16: =IF(VLOOKUP($A16,Sheet1!$A$3:$AW$699,10,FALSE)="■","x","") | P16: =IF(VLOOKUP($A16,Sheet1!$A$3:$AW$699,2,FALSE)="","",VLOOKUP($A16,Sheet1!$A$3:$AW$699,2,FALSE)) -> P2.073
... A77: 351 | B77: CompareControl | C77: =IF(VLOOKUP($A77,Sheet1!$A$3:$AW$699,25,FALSE)="","",VLOOKUP($A77,Sheet1!$A$3:$AW$699,25,FALSE)) -> All | D77: =IF(VLOOKUP($A77,Sheet1!$A$3:$AW$699,15,FALSE)="","",VLOOKUP($A77,Sheet1!$A$3:$AW$699,15,FALSE)) -> 0x00010000 | E77: =IF(VLOOKUP($A77,Sheet1!$A$3:$AW$699,16,FALSE)="","",VLOOKUP($A77,Sheet1!$A$3:$AW$699,16,FALSE)) -> 0x0FFF313F | F77: =IF(VLOOKUP($A77,Sheet1!$A$3:$AW$699,17,FALSE)="","",VLOOKUP($A77,Sheet1!$A$3:$AW$699,17,FALSE)) -> 0x00640010 | G77: =IF(VLOOKUP($A77,Sheet1!$A$3:$AW$699,18,FALSE)="","",VLOOKUP($A77,Sheet1!$A$3:$AW$699,18,FALSE)) | H77: =IF(VLOOKUP($A77,Sheet1!$A$3:$AW$699,19,FALSE)="","",VLOOKUP($A77,Sheet1!$A$3:$AW$699,19,FALSE)) | I77: =IF(VLOOKUP($A77,Sheet1!$A$3:$AW$699,5,FALSE)="","",VLOOKUP($A77,Sheet1!$A$3:$AW$699,5,FALSE)) -> UDINT | J77: COMPARE Control See High Speed Compare Function (CMP) in the user manual. X: Compare Setting (Set 1 to enable each bit function) Bit0=Activate compare. Bit is cleared when compare completes. Bit1=Cycle mode. Does not stop. Bit2=After comparing finishes, activate Capture. Not valid when Capture is already activated. Bit3=Set Compare axis position ID349 (P5.057) to 0 once the last data is compared. Y: Axis source of Compare 0=Source is the Capture axis 1=Source is the auxiliary encoder (AUX) 2=Source is the pulse command (terminal block input) 3=Source is the main encoder (MFB) When ID351 (P5.059).Y is 0 (the axis source of Compare is the Capture axis), the ID331 (P5.039).Y (the axis source of Capture) cannot be changed. Z: Triggering logic 0=Normally open (NO) 1=Normally closed (NC) U: Trigger PR PR#45 is triggered when the last compare is completed (Set 1) CBA: Duration of pulse output in ms | K77: 9-Motion_1 26-Compare | L77: =IF(VLOOKUP($A77,Sheet1!$A$3:$AW$699,7,FALSE)="★","x","") | M77: =IF(VLOOKUP($A77,Sheet1!$A$3:$AW$699,8,FALSE)="▲","x","") | N77: =IF(VLOOKUP($A77,Sheet1!$A$3:$AW$699,9,FALSE)="●","x","") | O77: =IF(VLOOKUP($A77,Sheet1!$A$3:$AW$699,10,FALSE)="■","x","") -> x | P77: =IF(VLOOKUP($A77,Sheet1!$A$3:$AW$699,2,FALSE)="","",VLOOKUP($A77,Sheet1!$A$3:$AW$699,2,FALSE)) -> P5.059
A78: 352 | B78: =IF(VLOOKUP($A78,Sheet1!$A$3:$AW$699,20,FALSE)="","",VLOOKUP($A78,Sheet1!$A$3:$AW$699,20,FALSE)) -> PresetVelocity0 | C78: =IF(VLOOKUP($A78,Sheet1!$A$3:$AW$699,25,FALSE)="","",VLOOKUP($A78,Sheet1!$A$3:$AW$699,25,FALSE)) -> PR/IO | D78: =IF(VLOOKUP($A78,Sheet1!$A$3:$AW$699,15,FALSE)="","",VLOOKUP($A78,Sheet1!$A$3:$AW$699,15,FALSE)) -> 0 0 | E78: =IF(VLOOKUP($A78,Sheet1!$A$3:$AW$699,16,FALSE)="","",VLOOKUP($A78,Sheet1!$A$3:$AW$699,16,FALSE)) -> 80000 15999999 | F78: =IF(VLOOKUP($A78,Sheet1!$A$3:$AW$699,17,FALSE)="","",VLOOKUP($A78,Sheet1!$A$3:$AW$699,17,FALSE)) -> 200 200 | G78: =IF(VLOOKUP($A78,Sheet1!$A$3:$AW$699,18,FALSE)="","",VLOOKUP($A78,Sheet1!$A$3:$AW$699,18,FALSE)) -> 0.1 1 | H78: =IF(VLOOKUP($A78,Sheet1!$A$3:$AW$699,19,FALSE)="","",VLOOKUP($A78,Sheet1!$A$3:$AW$699,19,FALSE)) -> RPM um/s | I78: =IF(VLOOKUP($A78,Sheet1!$A$3:$AW$699,5,FALSE)="","",VLOOKUP($A78,Sheet1!$A$3:$AW$699,5,FALSE)) -> DINT | J78: Preset Velocity 0 Preset velocity for PR mode. | K78: 9-Motion_1 21-Speed Setting | L78: =IF(VLOOKUP($A78,Sheet1!$A$3:$AW$699,7,FALSE)="★","x","") | M78: =IF(VLOOKUP($A78,Sheet1!$A$3:$AW$699,8,FALSE)="▲","x","") | N78: =IF(VLOOKUP($A78,Sheet1!$A$3:$AW$699,9,FALSE)="●","x","") | O78: =IF(VLOOKUP($A78,Sheet1!$A$3:$AW$699,10,FALSE)="■","x","") | P78: =IF(VLOOKUP($A78,Sheet1!$A$3:$AW$699,2,FALSE)="","",VLOOKUP($A78,Sheet1!$A$3:$AW$699,2,FALSE)) -> P5.060
A79: 353 | B79: =IF(VLOOKUP($A79,Sheet1!$A$3:$AW$699,20,FALSE)="","",VLOOKUP($A79,Sheet1!$A$3:$AW$699,20,FALSE)) -> PresetVelocity1 | C79: =IF(VLOOKUP($A79,Sheet1!$A$3:$AW$699,25,FALSE)="","",VLOOKUP($A79,Sheet1!$A$3:$AW$699,25,FALSE)) -> PR/IO | D79: =IF(VLOOKUP($A79,Sheet1!$A$3:$AW$699,15,FALSE)="","",VLOOKUP($A79,Sheet1!$A$3:$AW$699,15,FALSE)) -> 0 0 | E79: =IF(VLOOKUP($A79,Sheet1!$A$3:$AW$699,16,FALSE)="","",VLOOKUP($A79,Sheet1!$A$3:$AW$699,16,FALSE)) -> 80000 15999999 | F79: =IF(VLOOKUP($A79,Sheet1!$A$3:$AW$699,17,FALSE)="","",VLOOKUP($A79,Sheet1!$A$3:$AW$699,17,FALSE)) -> 500 500 | G79: =IF(VLOOKUP($A79,Sheet1!$A$3:$AW$699,18,FALSE)="","",VLOOKUP($A79,Sheet1!$A$3:$AW$699,18,FALSE)) -> 0.1 1 | H79: =IF(VLOOKUP($A79,Sheet1!$A$3:$AW$699,19,FALSE)="","",VLOOKUP($A79,Sheet1!$A$3:$AW$699,19,FALSE)) -> RPM um/s | I79: =IF(VLOOKUP($A79,Sheet1!$A$3:$AW$699,5,FALSE)="","",VLOOKUP($A79,Sheet1!$A$3:$AW$699,5,FALSE)) -> DINT | J79: Preset Velocity 1 Preset velocity for PR mode. | K79: 9-Motion_1 21-Speed Setting | L79: =IF(VLOOKUP($A79,Sheet1!$A$3:$AW$699,7,FALSE)="★","x","") | M79: =IF(VLOOKUP($A79,Sheet1!$A$3:$AW$699,8,FALSE)="▲","x","") | N79: =IF(VLOOKUP($A79,Sheet1!$A$3:$AW$699,9,FALSE)="●","x","") | O79: =IF(VLOOKUP($A79,Sheet1!$A$3:$AW$699,10,FALSE)="■","x","") | P79: =IF(VLOOKUP($A79,Sheet1!$A$3:$AW$699,2,FALSE)="","",VLOOKUP($A79,Sheet1!$A$3:$AW$699,2,FALSE)) -> P5.061
A80: 354 | B80: =IF(VLOOKUP($A80,Sheet1!$A$3:$AW$699,20,FALSE)="","",VLOOKUP($A80,Sheet1!$A$3:$AW$699,20,FALSE)) -> PresetVelocity2 | C80: =IF(VLOOKUP($A80,Sheet1!$A$3:$AW$699,25,FALSE)="","",VLOOKUP($A80,Sheet1!$A$3:$AW$699,25,FALSE)) -> PR/IO | D80: =IF(VLOOKUP($A80,Sheet1!$A$3:$AW$699,15,FALSE)="","",VLOOKUP($A80,Sheet1!$A$3:$AW$699,15,FALSE)) -> 0 0 | E80: =IF(VLOOKUP($A80,Sheet1!$A$3:$AW$699,16,FALSE)="","",VLOOKUP($A80,Sheet1!$A$3:$AW$699,16,FALSE)) -> 80000 15999999 | F80: =IF(VLOOKUP($A80,Sheet1!$A$3:$AW$699,17,FALSE)="","",VLOOKUP($A80,Sheet1!$A$3:$AW$699,17,FALSE)) -> 1000 1000 | G80: =IF(VLOOKUP($A80,Sheet1!$A$3:$AW$699,18,FALSE)="","",VLOOKUP($A80,Sheet1!$A$3:$AW$699,18,FALSE)) -> 0.1 1 | H80: =IF(VLOOKUP($A80,Sheet1!$A$3:$AW$699,19,FALSE)="","",VLOOKUP($A80,Sheet1!$A$3:$AW$699,19,FALSE)) -> RPM um/s | I80: =IF(VLOOKUP($A80,Sheet1!$A$3:$AW$699,5,FALSE)="","",VLOOKUP($A80,Sheet1!$A$3:$AW$699,5,FALSE)) -> DINT | J80: Preset Velocity 2 Preset velocity for PR mode. | K80: 9-Motion_1 21-Speed Setting | L80: =IF(VLOOKUP($A80,Sheet1!$A$3:$AW$699,7,FALSE)="★","x","") | M80: =IF(VLOOKUP($A80,Sheet1!$A$3:$AW$699,8,FALSE)="▲","x","") | N80: =IF(VLOOKUP($A80,Sheet1!$A$3:$AW$699,9,FALSE)="●","x","") | O80: =IF(VLOOKUP($A80,Sheet1!$A$3:$AW$699,10,FALSE)="■","x","") | P80: =IF(VLOOKUP($A80,Sheet1!$A$3:$AW$699,2,FALSE)="","",VLOOKUP($A80,Sheet1!$A$3:$AW$699,2,FALSE)) -> P5.062
A81: 355 | B81: =IF(VLOOKUP($A81,Sheet1!$A$3:$AW$699,20,FALSE)="","",VLOOKUP($A81,Sheet1!$A$3:$AW$699,20,FALSE)) -> PresetVelocity3 | C81: =IF(VLOOKUP($A81,Sheet1!$A$3:$AW$699,25,FALSE)="","",VLOOKUP($A81,Sheet1!$A$3:$AW$699,25,FALSE)) -> PR/IO | D81: =IF(VLOOKUP($A81,Sheet1!$A$3:$AW$699,15,FALSE)="","",VLOOKUP($A81,Sheet1!$A$3:$AW$699,15,FALSE)) -> 0 0 | E81: =IF(VLOOKUP($A81,Sheet1!$A$3:$AW$699,16,FALSE)="","",VLOOKUP($A81,Sheet1!$A$3:$AW$699,16,FALSE)) -> 80000 15999999 | F81: =IF(VLOOKUP($A81,Sheet1!$A$3:$AW$699,17,FALSE)="","",VLOOKUP($A81,Sheet1!$A$3:$AW$699,17,FALSE)) -> 2000 2000 | G81: =IF(VLOOKUP($A81,Sheet1!$A$3:$AW$699,18,FALSE)="","",VLOOKUP($A81,Sheet1!$A$3:$AW$699,18,FALSE)) -> 0.1 1 | H81: =IF(VLOOKUP($A81,Sheet1!$A$3:$AW$699,19,FALSE)="","",VLOOKUP($A81,Sheet1!$A$3:$AW$699,19,FALSE)) -> RPM um/s | I81: =IF(VLOOKUP($A81,Sheet1!$A$3:$AW$699,5,FALSE)="","",VLOOKUP($A81,Sheet1!$A$3:$AW$699,5,FALSE)) -> DINT | J81: Preset Velocity 3 Preset velocity for PR mode. | K81: 9-Motion_1 21-Speed Setting | L81: =IF(VLOOKUP($A81,Sheet1!$A$3:$AW$699,7,FALSE)="★","x","") | M81: =IF(VLOOKUP($A81,Sheet1!$A$3:$AW$699,8,FALSE)="▲","x","") | N81: =IF(VLOOKUP($A81,Sheet1!$A$3:$AW$699,9,FALSE)="●","x","") | O81: =IF(VLOOKUP($A81,Sheet1!$A$3:$AW$699,10,FALSE)="■","x","") | P81: =IF(VLOOKUP($A81,Sheet1!$A$3:$AW$699,2,FALSE)="","",VLOOKUP($A81,Sheet1!$A$3:$AW$699,2,FALSE)) -> P5.063
A82: 356 | B82: =IF(VLOOKUP($A82,Sheet1!$A$3:$AW$699,20,FALSE)="","",VLOOKUP($A82,Sheet1!$A$3:$AW$699,20,FALSE)) -> PresetVelocity4 | C82: =IF(VLOOKUP($A82,Sheet1!$A$3:$AW$699,25,FALSE)="","",VLOOKUP($A82,Sheet1!$A$3:$AW$699,25,FALSE)) -> PR/IO | D82: =IF(VLOOKUP($A82,Sheet1!$A$3:$AW$699,15,FALSE)="","",VLOOKUP($A82,Sheet1!$A$3:$AW$699,15,FALSE)) -> 0 0 | E82: =IF(VLOOKUP($A82,Sheet1!$A$3:$AW$699,16,FALSE)="","",VLOOKUP($A82,Sheet1!$A$3:$AW$699,16,FALSE)) -> 80000 15999999 | F82: =IF(VLOOKUP($A82,Sheet1!$A$3:$AW$699,17,FALSE)="","",VLOOKUP($A82,Sheet1!$A$3:$AW$699,17,FALSE)) -> 3000 3000 | G82: =IF(VLOOKUP($A82,Sheet1!$A$3:$AW$699,18,FALSE)="","",VLOOKUP($A82,Sheet1!$A$3:$AW$699,18,FALSE)) -> 0.1 1 | H82: =IF(VLOOKUP($A82,Sheet1!$A$3:$AW$699,19,FALSE)="","",VLOOKUP($A82,Sheet1!$A$3:$AW$699,19,FALSE)) -> RPM um/s | I82: =IF(VLOOKUP($A82,Sheet1!$A$3:$AW$699,5,FALSE)="","",VLOOKUP($A82,Sheet1!$A$3:$AW$699,5,FALSE)) -> DINT | J82: Preset Velocity 4 Preset velocity for PR mode. | K82: 9-Motion_1 21-Speed Setting | L82: =IF(VLOOKUP($A82,Sheet1!$A$3:$AW$699,7,FALSE)="★","x","") | M82: =IF(VLOOKUP($A82,Sheet1!$A$3:$AW$699,8,FALSE)="▲","x","") | N82: =IF(VLOOKUP($A82,Sheet1!$A$3:$AW$699,9,FALSE)="●","x","") | O82: =IF(VLOOKUP($A82,Sheet1!$A$3:$AW$699,10,FALSE)="■","x","") | P82: =IF(VLOOKUP($A82,Sheet1!$A$3:$AW$699,2,FALSE)="","",VLOOKUP($A82,Sheet1!$A$3:$AW$699,2,FALSE)) -> P5.064
A83: 357 | B83: =IF(VLOOKUP($A83,Sheet1!$A$3:$AW$699,20,FALSE)="","",VLOOKUP($A83,Sheet1!$A$3:$AW$699,20,FALSE)) -> PresetVelocity5 | C83: =IF(VLOOKUP($A83,Sheet1!$A$3:$AW$699,25,FALSE)="","",VLOOKUP($A83,Sheet1!$A$3:$AW$699,25,FALSE)) -> PR/IO | D83: =IF(VLOOKUP($A83,Sheet1!$A$3:$AW$699,15,FALSE)="","",VLOOKUP($A83,Sheet1!$A$3:$AW$699,15,FALSE)) -> 0 0 | E83: =IF(VLOOKUP($A83,Sheet1!$A$3:$AW$699,16,FALSE)="","",VLOOKUP($A83,Sheet1!$A$3:$AW$699,16,FALSE)) -> 80000 15999999 | F83: =IF(VLOOKUP($A83,Sheet1!$A$3:$AW$699,17,FALSE)="","",VLOOKUP($A83,Sheet1!$A$3:$AW$699,17,FALSE)) -> 5000 5000 | G83: =IF(VLOOKUP($A83,Sheet1!$A$3:$AW$699,18,FALSE)="","",VLOOKUP($A83,Sheet1!$A$3:$AW$699,18,FALSE)) -> 0.1 1 | H83: =IF(VLOOKUP($A83,Sheet1!$A$3:$AW$699,19,FALSE)="","",VLOOKUP($A83,Sheet1!$A$3:$AW$699,19,FALSE)) -> RPM um/s | I83: =IF(VLOOKUP($A83,Sheet1!$A$3:$AW$699,5,FALSE)="","",VLOOKUP($A83,Sheet1!$A$3:$AW$699,5,FALSE)) -> DINT | J83: Preset Velocity 5 Preset velocity for PR mode. | K83: 9-Motion_1 21-Speed Setting | L83: =IF(VLOOKUP($A83,Sheet1!$A$3:$AW$699,7,FALSE)="★","x","") | M83: =IF(VLOOKUP($A83,Sheet1!$A$3:$AW$699,8,FALSE)="▲","x","") | N83: =IF(VLOOKUP($A83,Sheet1!$A$3:$AW$699,9,FALSE)="●","x","") | O83: =IF(VLOOKUP($A83,Sheet1!$A$3:$AW$699,10,FALSE)="■","x","") | P83: =IF(VLOOKUP($A83,Sheet1!$A$3:$AW$699,2,FALSE)="","",VLOOKUP($A83,Sheet1!$A$3:$AW$699,2,FALSE)) -> P5.065
A84: 358 | B84: =IF(VLOOKUP($A84,Sheet1!$A$3:$AW$699,20,FALSE)="","",VLOOKUP($A84,Sheet1!$A$3:$AW$699,20,FALSE)) -> PresetVelocity6 | C84: =IF(VLOOKUP($A84,Sheet1!$A$3:$AW$699,25,FALSE)="","",VLOOKUP($A84,Sheet1!$A$3:$AW$699,25,FALSE)) -> PR/IO | D84: =IF(VLOOKUP($A84,Sheet1!$A$3:$AW$699,15,FALSE)="","",VLOOKUP($A84,Sheet1!$A$3:$AW$699,15,FALSE)) -> 0 0 | E84: =IF(VLOOKUP($A84,Sheet1!$A$3:$AW$699,16,FALSE)="","",VLOOKUP($A84,Sheet1!$A$3:$AW$699,16,FALSE)) -> 80000 15999999 | F84: =IF(VLOOKUP($A84,Sheet1!$A$3:$AW$699,17,FALSE)="","",VLOOKUP($A84,Sheet1!$A$3:$AW$699,17,FALSE)) -> 6000 6000 | G84: =IF(VLOOKUP($A84,Sheet1!$A$3:$AW$699,18,FALSE)="","",VLOOKUP($A84,Sheet1!$A$3:$AW$699,18,FALSE)) -> 0.1 1 | H84: =IF(VLOOKUP($A84,Sheet1!$A$3:$AW$699,19,FALSE)="","",VLOOKUP($A84,Sheet1!$A$3:$AW$699,19,FALSE)) -> RPM um/s | I84: =IF(VLOOKUP($A84,Sheet1!$A$3:$AW$699,5,FALSE)="","",VLOOKUP($A84,Sheet1!$A$3:$AW$699,5,FALSE)) -> DINT | J84: Preset Velocity 6 Preset velocity for PR mode. | K84: 9-Motion_1 21-Speed Setting | L84: =IF(VLOOKUP($A84,Sheet1!$A$3:$AW$699,7,FALSE)="★","x","") | M84: =IF(VLOOKUP($A84,Sheet1!$A$3:$AW$699,8,FALSE)="▲","x","") | N84: =IF(VLOOKUP($A84,Sheet1!$A$3:$AW$699,9,FALSE)="●","x","") | O84: =IF(VLOOKUP($A84,Sheet1!$A$3:$AW$699,10,FALSE)="■","x","") | P84: =IF(VLOOKUP($A84,Sheet1!$A$3:$AW$699,2,FALSE)="","",VLOOKUP($A84,Sheet1!$A$3:$AW$699,2,FALSE)) -> P5.066
A85: 359 | B85: =IF(VLOOKUP($A85,Sheet1!$A$3:$AW$699,20,FALSE)="","",VLOOKUP($A85,Sheet1!$A$3:$AW$699,20,FALSE)) -> PresetVelocity7 | C85: =IF(VLOOKUP($A85,Sheet1!$A$3:$AW$699,25,FALSE)="","",VLOOKUP($A85,Sheet1!$A$3:$AW$699,25,FALSE)) -> PR/IO | D85: =IF(VLOOKUP($A85,Sheet1!$A$3:$AW$699,15,FALSE)="","",VLOOKUP($A85,Sheet1!$A$3:$AW$699,15,FALSE)) -> 0 0 | E85: =IF(VLOOKUP($A85,Sheet1!$A$3:$AW$699,16,FALSE)="","",VLOOKUP($A85,Sheet1!$A$3:$AW$699,16,FALSE)) -> 80000 15999999 | F85: =IF(VLOOKUP($A85,Sheet1!$A$3:$AW$699,17,FALSE)="","",VLOOKUP($A85,Sheet1!$A$3:$AW$699,17,FALSE)) -> 8000 8000 | G85: =IF(VLOOKUP($A85,Sheet1!$A$3:$AW$699,18,FALSE)="","",VLOOKUP($A85,Sheet1!$A$3:$AW$699,18,FALSE)) -> 0.1 1 | H85: =IF(VLOOKUP($A85,Sheet1!$A$3:$AW$699,19,FALSE)="","",VLOOKUP($A85,Sheet1!$A$3:$AW$699,19,FALSE)) -> RPM um/s | I85: =IF(VLOOKUP($A85,Sheet1!$A$3:$AW$699,5,FALSE)="","",VLOOKUP($A85,Sheet1!$A$3:$AW$699,5,FALSE)) -> DINT | J85: Preset Velocity 7 Preset velocity for PR mode. | K85: 9-Motion_1 21-Speed Setting | L85: =IF(VLOOKUP($A85,Sheet1!$A$3:$AW$699,7,FALSE)="★","x","") | M85: =IF(VLOOKUP($A85,Sheet1!$A$3:$AW$699,8,FALSE)="▲","x","") | N85: =IF(VLOOKUP($A85,Sheet1!$A$3:$AW$699,9,FALSE)="●","x","") | O85: =IF(VLOOKUP($A85,Sheet1!$A$3:$AW$699,10,FALSE)="■","x","") | P85: =IF(VLOOKUP($A85,Sheet1!$A$3:$AW$699,2,FALSE)="","",VLOOKUP($A85,Sheet1!$A$3:$AW$699,2,FALSE)) -> P5.067
A86: 360 | B86: =IF(VLOOKUP($A86,Sheet1!$A$3:$AW$699,20,FALSE)="","",VLOOKUP($A86,Sheet1!$A$3:$AW$699,20,FALSE)) -> PresetVelocity8 | C86: =IF(VLOOKUP($A86,Sheet1!$A$3:$AW$699,25,FALSE)="","",VLOOKUP($A86,Sheet1!$A$3:$AW$699,25,FALSE)) -> PR/IO | D86: =IF(VLOOKUP($A86,Sheet1!$A$3:$AW$699,15,FALSE)="","",VLOOKUP($A86,Sheet1!$A$3:$AW$699,15,FALSE)) -> 0 0 | E86: =IF(VLOOKUP($A86,Sheet1!$A$3:$AW$699,16,FALSE)="","",VLOOKUP($A86,Sheet1!$A$3:$AW$699,16,FALSE)) -> 80000 15999999 | F86: =IF(VLOOKUP($A86,Sheet1!$A$3:$AW$699,17,FALSE)="","",VLOOKUP($A86,Sheet1!$A$3:$AW$699,17,FALSE)) -> 10000 10000 | G86: =IF(VLOOKUP($A86,Sheet1!$A$3:$AW$699,18,FALSE)="","",VLOOKUP($A86,Sheet1!$A$3:$AW$699,18,FALSE)) -> 0.1 1 | H86: =IF(VLOOKUP($A86,Sheet1!$A$3:$AW$699,19,FALSE)="","",VLOOKUP($A86,Sheet1!$A$3:$AW$699,19,FALSE)) -> RPM um/s | I86: =IF(VLOOKUP($A86,Sheet1!$A$3:$AW$699,5,FALSE)="","",VLOOKUP($A86,Sheet1!$A$3:$AW$699,5,FALSE)) -> DINT | J86: Preset Velocity 8 Preset velocity for PR mode. | K86: 9-Motion_1 21-Speed Setting | L86: =IF(VLOOKUP($A86,Sheet1!$A$3:$AW$699,7,FALSE)="★","x","") | M86: =IF(VLOOKUP($A86,Sheet1!$A$3:$AW$699,8,FALSE)="▲","x","") | N86: =IF(VLOOKUP($A86,Sheet1!$A$3:$AW$699,9,FALSE)="●","x","") | O86: =IF(VLOOKUP($A86,Sheet1!$A$3:$AW$699,10,FALSE)="■","x","") | P86: =IF(VLOOKUP($A86,Sheet1!$A$3:$AW$699,2,FALSE)="","",VLOOKUP($A86,Sheet1!$A$3:$AW$699,2,FALSE)) -> P5.068
A87: 361 | B87: =IF(VLOOKUP($A87,Sheet1!$A$3:$AW$699,20,FALSE)="","",VLOOKUP($A87,Sheet1!$A$3:$AW$699,20,FALSE)) -> PresetVelocity9 | C87: =IF(VLOOKUP($A87,Sheet1!$A$3:$AW$699,25,FALSE)="","",VLOOKUP($A87,Sheet1!$A$3:$AW$699,25,FALSE)) -> PR/IO | D87: =IF(VLOOKUP($A87,Sheet1!$A$3:$AW$699,15,FALSE)="","",VLOOKUP($A87,Sheet1!$A$3:$AW$699,15,FALSE)) -> 0 0 | E87: =IF(VLOOKUP($A87,Sheet1!$A$3:$AW$699,16,FALSE)="","",VLOOKUP($A87,Sheet1!$A$3:$AW$699,16,FALSE)) -> 80000 15999999 | F87: =IF(VLOOKUP($A87,Sheet1!$A$3:$AW$699,17,FALSE)="","",VLOOKUP($A87,Sheet1!$A$3:$AW$699,17,FALSE)) -> 13000 13000 | G87: =IF(VLOOKUP($A87,Sheet1!$A$3:$AW$699,18,FALSE)="","",VLOOKUP($A87,Sheet1!$A$3:$AW$699,18,FALSE)) -> 0.1 1 | H87: =IF(VLOOKUP($A87,Sheet1!$A$3:$AW$699,19,FALSE)="","",VLOOKUP($A87,Sheet1!$A$3:$AW$699,19,FALSE)) -> RPM um/s | I87: =IF(VLOOKUP($A87,Sheet1!$A$3:$AW$699,5,FALSE)="","",VLOOKUP($A87,Sheet1!$A$3:$AW$699,5,FALSE)) -> DINT | J87: Preset Velocity 9 Preset velocity for PR mode. | K87: 9-Motion_1 21-Speed Setting | L87: =IF(VLOOKUP($A87,Sheet1!$A$3:$AW$699,7,FALSE)="★","x","") | M87: =IF(VLOOKUP($A87,Sheet1!$A$3:$AW$699,8,FALSE)="▲","x","") | N87: =IF(VLOOKUP($A87,Sheet1!$A$3:$AW$699,9,FALSE)="●","x","") | O87: =IF(VLOOKUP($A87,Sheet1!$A$3:$AW$699,10,FALSE)="■","x","") | P87: =IF(VLOOKUP($A87,Sheet1!$A$3:$AW$699,2,FALSE)="","",VLOOKUP($A87,Sheet1!$A$3:$AW$699,2,FALSE)) -> P5.069
A88: 362 | B88: =IF(VLOOKUP($A88,Sheet1!$A$3:$AW$699,20,FALSE)="","",VLOOKUP($A88,Sheet1!$A$3:$AW$699,20,FALSE)) -> PresetVelocity10 | C88: =IF(VLOOKUP($A88,Sheet1!$A$3:$AW$699,25,FALSE)="","",VLOOKUP($A88,Sheet1!$A$3:$AW$699,25,FALSE)) -> PR/IO | D88: =IF(VLOOKUP($A88,Sheet1!$A$3:$AW$699,15,FALSE)="","",VLOOKUP($A88,Sheet1!$A$3:$AW$699,15,FALSE)) -> 0 0 | E88: =IF(VLOOKUP($A88,Sheet1!$A$3:$AW$699,16,FALSE)="","",VLOOKUP($A88,Sheet1!$A$3:$AW$699,16,FALSE)) -> 80000 15999999 | F88: =IF(VLOOKUP($A88,Sheet1!$A$3:$AW$699,17,FALSE)="","",VLOOKUP($A88,Sheet1!$A$3:$AW$699,17,FALSE)) -> 15000 15000 | G88: =IF(VLOOKUP($A88,Sheet1!$A$3:$AW$699,18,FALSE)="","",VLOOKUP($A88,Sheet1!$A$3:$AW$699,18,FALSE)) -> 0.1 1 | H88: =IF(VLOOKUP($A88,Sheet1!$A$3:$AW$699,19,FALSE)="","",VLOOKUP($A88,Sheet1!$A$3:$AW$699,19,FALSE)) -> RPM um/s | I88: =IF(VLOOKUP($A88,Sheet1!$A$3:$AW$699,5,FALSE)="","",VLOOKUP($A88,Sheet1!$A$3:$AW$699,5,FALSE)) -> DINT | J88: Preset Velocity 10 Preset velocity for PR mode. | K88: 9-Motion_1 21-Speed Setting | L88: =IF(VLOOKUP($A88,Sheet1!$A$3:$AW$699,7,FALSE)="★","x","") | M88: =IF(VLOOKUP($A88,Sheet1!$A$3:$AW$699,8,FALSE)="▲","x","") | N88: =IF(VLOOKUP($A88,Sheet1!$A$3:$AW$699,9,FALSE)="●","x","") | O88: =IF(VLOOKUP($A88,Sheet1!$A$3:$AW$699,10,FALSE)="■","x","") | P88: =IF(VLOOKUP($A88,Sheet1!$A$3:$AW$699,2,FALSE)="","",VLOOKUP($A88,Sheet1!$A$3:$AW$699,2,FALSE)) -> P5.070
A89: 363 | B89: =IF(VLOOKUP($A89,Sheet1!$A$3:$AW$699,20,FALSE)="","",VLOOKUP($A89,Sheet1!$A$3:$AW$699,20,FALSE)) -> PresetVelocity11 | C89: =IF(VLOOKUP($A89,Sheet1!$A$3:$AW$699,25,FALSE)="","",VLOOKUP($A89,Sheet1!$A$3:$AW$699,25,FALSE)) -> PR/IO | D89: =IF(VLOOKUP($A89,Sheet1!$A$3:$AW$699,15,FALSE)="","",VLOOKUP($A89,Sheet1!$A$3:$AW$699,15,FALSE)) -> 0 0 | E89: =IF(VLOOKUP($A89,Sheet1!$A$3:$AW$699,16,FALSE)="","",VLOOKUP($A89,Sheet1!$A$3:$AW$699,16,FALSE)) -> 80000 15999999 | F89: =IF(VLOOKUP($A89,Sheet1!$A$3:$AW$699,17,FALSE)="","",VLOOKUP($A89,Sheet1!$A$3:$AW$699,17,FALSE)) -> 18000 18000 | G89: =IF(VLOOKUP($A89,Sheet1!$A$3:$AW$699,18,FALSE)="","",VLOOKUP($A89,Sheet1!$A$3:$AW$699,18,FALSE)) -> 0.1 1 | H89: =IF(VLOOKUP($A89,Sheet1!$A$3:$AW$699,19,FALSE)="","",VLOOKUP($A89,Sheet1!$A$3:$AW$699,19,FALSE)) -> RPM um/s | I89: =IF(VLOOKUP($A89,Sheet1!$A$3:$AW$699,5,FALSE)="","",VLOOKUP($A89,Sheet1!$A$3:$AW$699,5,FALSE)) -> DINT | J89: Preset Velocity 11 Preset velocity for PR mode. | K89: 9-Motion_1 21-Speed Setting | L89: =IF(VLOOKUP($A89,Sheet1!$A$3:$AW$699,7,FALSE)="★","x","") | M89: =IF(VLOOKUP($A89,Sheet1!$A$3:$AW$699,8,FALSE)="▲","x","") | N89: =IF(VLOOKUP($A89,Sheet1!$A$3:$AW$699,9,FALSE)="●","x","") | O89: =IF(VLOOKUP($A89,Sheet1!$A$3:$AW$699,10,FALSE)="■","x","") | P89: =IF(VLOOKUP($A89,Sheet1!$A$3:$AW$699,2,FALSE)="","",VLOOKUP($A89,Sheet1!$A$3:$AW$699,2,FALSE)) -> P5.071
... A93: 367 | B93: =IF(VLOOKUP($A93,Sheet1!$A$3:$AW$699,20,FALSE)="","",VLOOKUP($A93,Sheet1!$A$3:$AW$699,20,FALSE)) -> PresetVelocity15 | C93: =IF(VLOOKUP($A93,Sheet1!$A$3:$AW$699,25,FALSE)="","",VLOOKUP($A93,Sheet1!$A$3:$AW$699,25,FALSE)) -> PR/IO | D93: =IF(VLOOKUP($A93,Sheet1!$A$3:$AW$699,15,FALSE)="","",VLOOKUP($A93,Sheet1!$A$3:$AW$699,15,FALSE)) -> 0 0 | E93: =IF(VLOOKUP($A93,Sheet1!$A$3:$AW$699,16,FALSE)="","",VLOOKUP($A93,Sheet1!$A$3:$AW$699,16,FALSE)) -> 80000 15999999 | F93: =IF(VLOOKUP($A93,Sheet1!$A$3:$AW$699,17,FALSE)="","",VLOOKUP($A93,Sheet1!$A$3:$AW$699,17,FALSE)) -> 30000 30000 | G93: =IF(VLOOKUP($A93,Sheet1!$A$3:$AW$699,18,FALSE)="","",VLOOKUP($A93,Sheet1!$A$3:$AW$699,18,FALSE)) -> 0.1 1 | H93: =IF(VLOOKUP($A93,Sheet1!$A$3:$AW$699,19,FALSE)="","",VLOOKUP($A93,Sheet1!$A$3:$AW$699,19,FALSE)) -> RPM um/s | I93: =IF(VLOOKUP($A93,Sheet1!$A$3:$AW$699,5,FALSE)="","",VLOOKUP($A93,Sheet1!$A$3:$AW$699,5,FALSE)) -> DINT | J93: Preset Velocity 15 Preset velocity for PR mode. | K93: 9-Motion_1 21-Speed Setting | L93: =IF(VLOOKUP($A93,Sheet1!$A$3:$AW$699,7,FALSE)="★","x","") | M93: =IF(VLOOKUP($A93,Sheet1!$A$3:$AW$699,8,FALSE)="▲","x","") | N93: =IF(VLOOKUP($A93,Sheet1!$A$3:$AW$699,9,FALSE)="●","x","") | O93: =IF(VLOOKUP($A93,Sheet1!$A$3:$AW$699,10,FALSE)="■","x","") | P93: =IF(VLOOKUP($A93,Sheet1!$A$3:$AW$699,2,FALSE)="","",VLOOKUP($A93,Sheet1!$A$3:$AW$699,2,FALSE)) -> P5.075
